Workbook

Sheet січень
A1: ОСББ "Карбишева - 22" | N1: 37465042 | W1: 4.1
B2: Відомість нарахувань та оплати мешканців за утримання будинку
B3: у січні 2026 року
A6: № кв. | B6: ПІБ | C6: Особ. рах. | D6: Д-Т | E6: К-Т | F6: Пільга % | G6: Заг.площа | H6: Пільг. Площа | I6: Тариф | J6: 100% нарах. | K6: Пільгова сума | L6: сплачені суми пільг за реєстрами | M6: Коригування | N6: До сплати | O6: Сплачено | P6: Д-Т | Q6: К-Т
A7: 1 | B7: Бережний В.М. | C7: 1001 | D7: 823.15 | E7: 0 | F7: 0 | G7: 64.26 | H7: 0 | I7: =W$1 -> 4.1 | J7: =ROUND(G7*I7,2) -> 263.47 | N7: =ROUND((G7*I7)-K7-L7-M7,2) -> 263.47 | P7: =ROUND(IF(D7=0,IF((N7-E7-O7)>0,(N7-E7-O7),0),IF((D7+N7-O7)>0,(D7+N7-O7),0)),2) -> 1086.62 | Q7: =ROUND(IF(E7=0,IF((D7+N7-O7)<0,ABS(D7+N7-O7),0),IF((N7-E7-O7)<0,ABS(N7-E7-O7),0)),2) -> 0
A8: 2 | B8: Старикова Т.О. | C8: 1002 | D8: 199.71 | E8: 0 | F8: 0 | G8: 48.71 | H8: 0 | I8: =W$1 -> 4.1 | J8: =ROUND(G8*I8,2) -> 199.71 | N8: =ROUND((G8*I8)-K8-L8-M8,2) -> 199.71 | O8: 199.71 | P8: =ROUND(IF(D8=0,IF((N8-E8-O8)>0,(N8-E8-O8),0),IF((D8+N8-O8)>0,(D8+N8-O8),0)),2) -> 199.71 | Q8: =ROUND(IF(E8=0,IF((D8+N8-O8)<0,ABS(D8+N8-O8),0),IF((N8-E8-O8)<0,ABS(N8-E8-O8),0)),2) -> 0
A9: 3 | B9: Мазур Т.В. | C9: 1003 | D9: 143.5 | E9: 0 | F9: 0 | G9: 35 | H9: 0 | I9: =W$1 -> 4.1 | J9: =ROUND(G9*I9,2) -> 143.5 | N9: =ROUND((G9*I9)-K9-L9-M9,2) -> 143.5 | P9: =ROUND(IF(D9=0,IF((N9-E9-O9)>0,(N9-E9-O9),0),IF((D9+N9-O9)>0,(D9+N9-O9),0)),2) -> 287 | Q9: =ROUND(IF(E9=0,IF((D9+N9-O9)<0,ABS(D9+N9-O9),0),IF((N9-E9-O9)<0,ABS(N9-E9-O9),0)),2) -> 0
A10: 4 | B10: Сокол О.В. | C10: 1004 | D10: 0 | E10: 252.56 | F10: 0 | G10: 61.6 | H10: 0 | I10: =W$1 -> 4.1 | J10: =ROUND(G10*I10,2) -> 252.56 | N10: =ROUND((G10*I10)-K10-L10-M10,2) -> 252.56 | P10: =ROUND(IF(D10=0,IF((N10-E10-O10)>0,(N10-E10-O10),0),IF((D10+N10-O10)>0,(D10+N10-O10),0)),2) -> 0 | Q10: =ROUND(IF(E10=0,IF((D10+N10-O10)<0,ABS(D10+N10-O10),0),IF((N10-E10-O10)<0,ABS(N10-E10-O10),0)),2) -> 0
A11: 5 | B11: Семко Л.І. | C11: 1005 | D11: 2643.87 | E11: 0 | F11: 0 | G11: 28.34 | H11: 0 | I11: =W$1 -> 4.1 | J11: =ROUND(G11*I11,2) -> 116.19 | N11: =ROUND((G11*I11)-K11-L11-M11,2) -> 116.19 | P11: =ROUND(IF(D11=0,IF((N11-E11-O11)>0,(N11-E11-O11),0),IF((D11+N11-O11)>0,(D11+N11-O11),0)),2) -> 2760.06 | Q11: =ROUND(IF(E11=0,IF((D11+N11-O11)<0,ABS(D11+N11-O11),0),IF((N11-E11-O11)<0,ABS(N11-E11-O11),0)),2) -> 0
A12: 5 | B12: Гаркуша Н.І. | C12: 1005-а | D12: 809.26 | E12: 0 | F12: 0 | G12: 36.66 | H12: 0 | I12: =W$1 -> 4.1 | J12: =ROUND(G12*I12,2) -> 150.31 | N12: =ROUND((G12*I12)-K12-L12-M12,2) -> 150.31 | P12: =ROUND(IF(D12=0,IF((N12-E12-O12)>0,(N12-E12-O12),0),IF((D12+N12-O12)>0,(D12+N12-O12),0)),2) -> 959.57 | Q12: =ROUND(IF(E12=0,IF((D12+N12-O12)<0,ABS(D12+N12-O12),0),IF((N12-E12-O12)<0,ABS(N12-E12-O12),0)),2) -> 0
A13: 6 | B13: Андріяшев В.М | C13: 1006 | D13: 134.56 | E13: 0 | F13: 0 | G13: 49.8 | H13: 0 | I13: =W$1 -> 4.1 | J13: =ROUND(G13*I13,2) -> 204.18 | N13: =ROUND((G13*I13)-K13-L13-M13,2) -> 204.18 | P13: =ROUND(IF(D13=0,IF((N13-E13-O13)>0,(N13-E13-O13),0),IF((D13+N13-O13)>0,(D13+N13-O13),0)),2) -> 338.74 | Q13: =ROUND(IF(E13=0,IF((D13+N13-O13)<0,ABS(D13+N13-O13),0),IF((N13-E13-O13)<0,ABS(N13-E13-O13),0)),2) -> 0
A14: 7 | B14: Старчикова О.М. | C14: 1007 | D14: 142.07 | E14: 0 | F14: 0 | G14: 34.65 | H14: 0 | I14: =W$1 -> 4.1 | J14: =ROUND(G14*I14,2) -> 142.07 | N14: =ROUND((G14*I14)-K14-L14-M14,2) -> 142.07 | P14: =ROUND(IF(D14=0,IF((N14-E14-O14)>0,(N14-E14-O14),0),IF((D14+N14-O14)>0,(D14+N14-O14),0)),2) -> 284.14 | Q14: =ROUND(IF(E14=0,IF((D14+N14-O14)<0,ABS(D14+N14-O14),0),IF((N14-E14-O14)<0,ABS(N14-E14-O14),0)),2) -> 0
A15: 8 | B15: Безер Т.М | C15: 1008 | D15: 0 | E15: 7.03 | F15: 0 | G15: 62.14 | H15: 0 | I15: =W$1 -> 4.1 | J15: =ROUND(G15*I15,2) -> 254.77 | N15: =ROUND((G15*I15)-K15-L15-M15,2) -> 254.77 | P15: =ROUND(IF(D15=0,IF((N15-E15-O15)>0,(N15-E15-O15),0),IF((D15+N15-O15)>0,(D15+N15-O15),0)),2) -> 247.74 | Q15: =ROUND(IF(E15=0,IF((D15+N15-O15)<0,ABS(D15+N15-O15),0),IF((N15-E15-O15)<0,ABS(N15-E15-O15),0)),2) -> 0
A16: 9 | B16: Решетило М.М | C16: 1009 | D16: 801.72 | E16: 0 | F16: 0 | G16: 65.16 | H16: 0 | I16: =W$1 -> 4.1 | J16: =ROUND(G16*I16,2) -> 267.16 | N16: =ROUND((G16*I16)-K16-L16-M16,2) -> 267.16 | P16: =ROUND(IF(D16=0,IF((N16-E16-O16)>0,(N16-E16-O16),0),IF((D16+N16-O16)>0,(D16+N16-O16),0)),2) -> 1068.88 | Q16: =ROUND(IF(E16=0,IF((D16+N16-O16)<0,ABS(D16+N16-O16),0),IF((N16-E16-O16)<0,ABS(N16-E16-O16),0)),2) -> 0
A17: 10 | B17: Фесенко О.В. | C17: 1010 | D17: 4876.69 | E17: 0 | F17: 0 | G17: 50.1 | H17: 0 | I17: =W$1 -> 4.1 | J17: =ROUND(G17*I17,2) -> 205.41 | N17: =ROUND((G17*I17)-K17-L17-M17,2) -> 205.41 | P17: =ROUND(IF(D17=0,IF((N17-E17-O17)>0,(N17-E17-O17),0),IF((D17+N17-O17)>0,(D17+N17-O17),0)),2) -> 5082.1 | Q17: =ROUND(IF(E17=0,IF((D17+N17-O17)<0,ABS(D17+N17-O17),0),IF((N17-E17-O17)<0,ABS(N17-E17-O17),0)),2) -> 0
A18: 11 | B18: Петренко О.М. | C18: 1011 | D18: 1648.2 | E18: 0 | F18: 0 | G18: 35.2 | H18: 0 | I18: =W$1 -> 4.1 | J18: =ROUND(G18*I18,2) -> 144.32 | N18: =ROUND((G18*I18)-K18-L18-M18,2) -> 144.32 | O18: 100 | P18: =ROUND(IF(D18=0,IF((N18-E18-O18)>0,(N18-E18-O18),0),IF((D18+N18-O18)>0,(D18+N18-O18),0)),2) -> 1692.52 | Q18: =ROUND(IF(E18=0,IF((D18+N18-O18)<0,ABS(D18+N18-O18),0),IF((N18-E18-O18)<0,ABS(N18-E18-O18),0)),2) -> 0
A19: 12 | B19: Зеленюк А.Д | C19: 1012 | D19: 12179.61 | E19: 0 | F19: 0 | G19: 62.78 | H19: 0 | I19: =W$1 -> 4.1 | J19: =ROUND(G19*I19,2) -> 257.4 | N19: =ROUND((G19*I19)-K19-L19-M19,2) -> 257.4 | P19: =ROUND(IF(D19=0,IF((N19-E19-O19)>0,(N19-E19-O19),0),IF((D19+N19-O19)>0,(D19+N19-O19),0)),2) -> 12437.01 | Q19: =ROUND(IF(E19=0,IF((D19+N19-O19)<0,ABS(D19+N19-O19),0),IF((N19-E19-O19)<0,ABS(N19-E19-O19),0)),2) -> 0
A20: 13 | B20: Вовк І.В | C20: 1013 | D20: 5199.06 | E20: 0 | F20: 0 | G20: 28.23 | H20: 0 | I20: =W$1 -> 4.1 | J20: =ROUND(G20*I20,2) -> 115.74 | N20: =ROUND((G20*I20)-K20-L20-M20,2) -> 115.74 | P20: =ROUND(IF(D20=0,IF((N20-E20-O20)>0,(N20-E20-O20),0),IF((D20+N20-O20)>0,(D20+N20-O20),0)),2) -> 5314.8 | Q20: =ROUND(IF(E20=0,IF((D20+N20-O20)<0,ABS(D20+N20-O20),0),IF((N20-E20-O20)<0,ABS(N20-E20-O20),0)),2) -> 0
A21: 13 | B21: Романовський В.М | C21: 1013-а | D21: 5451.68 | E21: 0 | F21: 0 | G21: 37.84 | H21: 0 | I21: =W$1 -> 4.1 | J21: =ROUND(G21*I21,2) -> 155.14 | N21: =ROUND((G21*I21)-K21-L21-M21,2) -> 155.14 | P21: =ROUND(IF(D21=0,IF((N21-E21-O21)>0,(N21-E21-O21),0),IF((D21+N21-O21)>0,(D21+N21-O21),0)),2) -> 5606.82 | Q21: =ROUND(IF(E21=0,IF((D21+N21-O21)<0,ABS(D21+N21-O21),0),IF((N21-E21-O21)<0,ABS(N21-E21-O21),0)),2) -> 0
A22: 14 | B22: Ряба Л.І | C22: 1014 | D22: 276.56 | E22: 0 | F22: 0 | G22: 49.24 | H22: 0 | I22: =W$1 -> 4.1 | J22: =ROUND(G22*I22,2) -> 201.88 | N22: =ROUND((G22*I22)-K22-L22-M22,2) -> 201.88 | O22: 210 | P22: =ROUND(IF(D22=0,IF((N22-E22-O22)>0,(N22-E22-O22),0),IF((D22+N22-O22)>0,(D22+N22-O22),0)),2) -> 268.44 | Q22: =ROUND(IF(E22=0,IF((D22+N22-O22)<0,ABS(D22+N22-O22),0),IF((N22-E22-O22)<0,ABS(N22-E22-O22),0)),2) -> 0
A23: 15 | B23: Кас'янова О.А. | C23: 1015 | D23: 435.8 | E23: 0 | F23: 0 | G23: 35.1 | H23: 0 | I23: =W$1 -> 4.1 | J23: =ROUND(G23*I23,2) -> 143.91 | N23: =ROUND((G23*I23)-K23-L23-M23,2) -> 143.91 | P23: =ROUND(IF(D23=0,IF((N23-E23-O23)>0,(N23-E23-O23),0),IF((D23+N23-O23)>0,(D23+N23-O23),0)),2) -> 579.71 | Q23: =ROUND(IF(E23=0,IF((D23+N23-O23)<0,ABS(D23+N23-O23),0),IF((N23-E23-O23)<0,ABS(N23-E23-O23),0)),2) -> 0
A24: 16 | B24: Корякіна М.В. | C24: 1016 | D24: 5207.58 | E24: 0 | F24: 0 | G24: 61.9 | H24: 0 | I24: =W$1 -> 4.1 | J24: =ROUND(G24*I24,2) -> 253.79 | N24: =ROUND((G24*I24)-K24-L24-M24,2) -> 253.79 | O24: 507.58 | P24: =ROUND(IF(D24=0,IF((N24-E24-O24)>0,(N24-E24-O24),0),IF((D24+N24-O24)>0,(D24+N24-O24),0)),2) -> 4953.79 | Q24: =ROUND(IF(E24=0,IF((D24+N24-O24)<0,ABS(D24+N24-O24),0),IF((N24-E24-O24)<0,ABS(N24-E24-O24),0)),2) -> 0
A25: 17 | B25: Сокерчак А.В. | C25: 1017 | D25: 271.83 | E25: 0 | F25: 0 | G25: 66.3 | H25: 0 | I25: =W$1 -> 4.1 | J25: =ROUND(G25*I25,2) -> 271.83 | N25: =ROUND((G25*I25)-K25-L25-M25,2) -> 271.83 | P25: =ROUND(IF(D25=0,IF((N25-E25-O25)>0,(N25-E25-O25),0),IF((D25+N25-O25)>0,(D25+N25-O25),0)),2) -> 543.66 | Q25: =ROUND(IF(E25=0,IF((D25+N25-O25)<0,ABS(D25+N25-O25),0),IF((N25-E25-O25)<0,ABS(N25-E25-O25),0)),2) -> 0
A26: 18 | B26: Кравченко В.А | C26: 1018 | D26: 211.07 | E26: 0 | F26: 0 | G26: 51.48 | H26: 0 | I26: =W$1 -> 4.1 | J26: =ROUND(G26*I26,2) -> 211.07 | N26: =ROUND((G26*I26)-K26-L26-M26,2) -> 211.07 | O26: 211.07 | P26: =ROUND(IF(D26=0,IF((N26-E26-O26)>0,(N26-E26-O26),0),IF((D26+N26-O26)>0,(D26+N26-O26),0)),2) -> 211.07 | Q26: =ROUND(IF(E26=0,IF((D26+N26-O26)<0,ABS(D26+N26-O26),0),IF((N26-E26-O26)<0,ABS(N26-E26-O26),0)),2) -> 0
A27: 19 | B27: Чичикало А.С | C27: 1019 | D27: 0 | E27: 570.86 | F27: 0 | G27: 35.1 | H27: 0 | I27: =W$1 -> 4.1 | J27: =ROUND(G27*I27,2) -> 143.91 | N27: =ROUND((G27*I27)-K27-L27-M27,2) -> 143.91 | P27: =ROUND(IF(D27=0,IF((N27-E27-O27)>0,(N27-E27-O27),0),IF((D27+N27-O27)>0,(D27+N27-O27),0)),2) -> 0 | Q27: =ROUND(IF(E27=0,IF((D27+N27-O27)<0,ABS(D27+N27-O27),0),IF((N27-E27-O27)<0,ABS(N27-E27-O27),0)),2) -> 426.95
A28: 20 | B28: Сільващук А.А | C28: 1020 | D28: 0 | E28: 0 | F28: 0 | G28: 62.7 | H28: 0 | I28: =W$1 -> 4.1 | J28: =ROUND(G28*I28,2) -> 257.07 | N28: =ROUND((G28*I28)-K28-L28-M28,2) -> 257.07 | P28: =ROUND(IF(D28=0,IF((N28-E28-O28)>0,(N28-E28-O28),0),IF((D28+N28-O28)>0,(D28+N28-O28),0)),2) -> 257.07 | Q28: =ROUND(IF(E28=0,IF((D28+N28-O28)<0,ABS(D28+N28-O28),0),IF((N28-E28-O28)<0,ABS(N28-E28-O28),0)),2) -> 0
A29: 21 | B29: Стеценко Г.М | C29: 1021 | D29: 267.81 | E29: 0 | F29: 0 | G29: 65.32 | H29: 0 | I29: =W$1 -> 4.1 | J29: =ROUND(G29*I29,2) -> 267.81 | N29: =ROUND((G29*I29)-K29-L29-M29,2) -> 267.81 | P29: =ROUND(IF(D29=0,IF((N29-E29-O29)>0,(N29-E29-O29),0),IF((D29+N29-O29)>0,(D29+N29-O29),0)),2) -> 535.62 | Q29: =ROUND(IF(E29=0,IF((D29+N29-O29)<0,ABS(D29+N29-O29),0),IF((N29-E29-O29)<0,ABS(N29-E29-O29),0)),2) -> 0
A30: 22 | B30: Кирдячкіна П.А | C30: 1022 | D30: 0 | E30: 50.52 | F30: 0 | G30: 49.7 | H30: 0 | I30: =W$1 -> 4.1 | J30: =ROUND(G30*I30,2) -> 203.77 | N30: =ROUND((G30*I30)-K30-L30-M30,2) -> 203.77 | P30: =ROUND(IF(D30=0,IF((N30-E30-O30)>0,(N30-E30-O30),0),IF((D30+N30-O30)>0,(D30+N30-O30),0)),2) -> 153.25 | Q30: =ROUND(IF(E30=0,IF((D30+N30-O30)<0,ABS(D30+N30-O30),0),IF((N30-E30-O30)<0,ABS(N30-E30-O30),0)),2) -> 0
A31: 23 | B31: Фоміченко Л.А | C31: 1023 | D31: 3680.76 | E31: 0 | F31: 0 | G31: 35.1 | H31: 0 | I31: =W$1 -> 4.1 | J31: =ROUND(G31*I31,2) -> 143.91 | N31: =ROUND((G31*I31)-K31-L31-M31,2) -> 143.91 | P31: =ROUND(IF(D31=0,IF((N31-E31-O31)>0,(N31-E31-O31),0),IF((D31+N31-O31)>0,(D31+N31-O31),0)),2) -> 3824.67 | Q31: =ROUND(IF(E31=0,IF((D31+N31-O31)<0,ABS(D31+N31-O31),0),IF((N31-E31-O31)<0,ABS(N31-E31-O31),0)),2) -> 0
A32: 24 | B32: Сердюк А.Г | C32: 1024 | D32: 255.42 | E32: 0 | F32: 0 | G32: 62.31 | H32: 0 | I32: =W$1 -> 4.1 | J32: =ROUND(G32*I32,2) -> 255.47 | N32: =ROUND((G32*I32)-K32-L32-M32,2) -> 255.47 | P32: =ROUND(IF(D32=0,IF((N32-E32-O32)>0,(N32-E32-O32),0),IF((D32+N32-O32)>0,(D32+N32-O32),0)),2) -> 510.89 | Q32: =ROUND(IF(E32=0,IF((D32+N32-O32)<0,ABS(D32+N32-O32),0),IF((N32-E32-O32)<0,ABS(N32-E32-O32),0)),2) -> 0
A33: 25 | B33: Михальченко Г.М | C33: 1025 | D33: 12387.24 | E33: 0 | F33: 0 | G33: 65.04 | H33: 0 | I33: =W$1 -> 4.1 | J33: =ROUND(G33*I33,2) -> 266.66 | N33: =ROUND((G33*I33)-K33-L33-M33,2) -> 266.66 | P33: =ROUND(IF(D33=0,IF((N33-E33-O33)>0,(N33-E33-O33),0),IF((D33+N33-O33)>0,(D33+N33-O33),0)),2) -> 12653.9 | Q33: =ROUND(IF(E33=0,IF((D33+N33-O33)<0,ABS(D33+N33-O33),0),IF((N33-E33-O33)<0,ABS(N33-E33-O33),0)),2) -> 0
A34: 26 | B34: Замуховська Я.С | C34: 1026 | D34: 408.36 | E34: 0 | F34: 0 | G34: 49.8 | H34: 0 | I34: =W$1 -> 4.1 | J34: =ROUND(G34*I34,2) -> 204.18 | N34: =ROUND((G34*I34)-K34-L34-M34,2) -> 204.18 | P34: =ROUND(IF(D34=0,IF((N34-E34-O34)>0,(N34-E34-O34),0),IF((D34+N34-O34)>0,(D34+N34-O34),0)),2) -> 612.54 | Q34: =ROUND(IF(E34=0,IF((D34+N34-O34)<0,ABS(D34+N34-O34),0),IF((N34-E34-O34)<0,ABS(N34-E34-O34),0)),2) -> 0
A35: 27 | B35: Мержиєвська Г.К | C35: 1027 | D35: 288.4 | E35: 0 | F35: 0 | G35: 35.17 | H35: 0 | I35: =W$1 -> 4.1 | J35: =ROUND(G35*I35,2) -> 144.2 | N35: =ROUND((G35*I35)-K35-L35-M35,2) -> 144.2 | P35: =ROUND(IF(D35=0,IF((N35-E35-O35)>0,(N35-E35-O35),0),IF((D35+N35-O35)>0,(D35+N35-O35),0)),2) -> 432.6 | Q35: =ROUND(IF(E35=0,IF((D35+N35-O35)<0,ABS(D35+N35-O35),0),IF((N35-E35-O35)<0,ABS(N35-E35-O35),0)),2) -> 0
A36: 28 | B36: Кулакова Л.В. | C36: 1028 | D36: 0 | E36: 0 | F36: 0 | G36: 62.47 | H36: 0 | I36: =W$1 -> 4.1 | J36: =ROUND(G36*I36,2) -> 256.13 | N36: =ROUND((G36*I36)-K36-L36-M36,2) -> 256.13 | P36: =ROUND(IF(D36=0,IF((N36-E36-O36)>0,(N36-E36-O36),0),IF((D36+N36-O36)>0,(D36+N36-O36),0)),2) -> 256.13 | Q36: =ROUND(IF(E36=0,IF((D36+N36-O36)<0,ABS(D36+N36-O36),0),IF((N36-E36-O36)<0,ABS(N36-E36-O36),0)),2) -> 0
A37: 29 | B37: Бочаров В.Л. | C37: 1029 | D37: 6983.52 | E37: 0 | F37: 0 | G37: 65.75 | H37: 0 | I37: =W$1 -> 4.1 | J37: =ROUND(G37*I37,2) -> 269.58 | N37: =ROUND((G37*I37)-K37-L37-M37,2) -> 269.58 | P37: =ROUND(IF(D37=0,IF((N37-E37-O37)>0,(N37-E37-O37),0),IF((D37+N37-O37)>0,(D37+N37-O37),0)),2) -> 7253.1 | Q37: =ROUND(IF(E37=0,IF((D37+N37-O37)<0,ABS(D37+N37-O37),0),IF((N37-E37-O37)<0,ABS(N37-E37-O37),0)),2) -> 0
A38: 30 | B38: Лучков В.Л. | C38: 1030 | D38: 9568.55 | E38: 0 | F38: 0 | G38: 49.7 | H38: 0 | I38: =W$1 -> 4.1 | J38: =ROUND(G38*I38,2) -> 203.77 | N38: =ROUND((G38*I38)-K38-L38-M38,2) -> 203.77 | P38: =ROUND(IF(D38=0,IF((N38-E38-O38)>0,(N38-E38-O38),0),IF((D38+N38-O38)>0,(D38+N38-O38),0)),2) -> 9772.32 | Q38: =ROUND(IF(E38=0,IF((D38+N38-O38)<0,ABS(D38+N38-O38),0),IF((N38-E38-O38)<0,ABS(N38-E38-O38),0)),2) -> 0
... A45: 37 | B45: Гурова О.М. | C45: 2037 | D45: 0 | E45: 316.37 | F45: 0 | G45: 62.2 | H45: 0 | I45: =W$1 -> 4.1 | J45: =ROUND(G45*I45,2) -> 255.02 | N45: =ROUND((G45*I45)-K45-L45-M45,2) -> 255.02 | P45: =ROUND(IF(D45=0,IF((N45-E45-O45)>0,(N45-E45-O45),0),IF((D45+N45-O45)>0,(D45+N45-O45),0)),2) -> 0 | Q45: =ROUND(IF(E45=0,IF((D45+N45-O45)<0,ABS(D45+N45-O45),0),IF((N45-E45-O45)<0,ABS(N45-E45-O45),0)),2) -> 61.35
A46: 38 | B46: Федорова В.І. | C46: 2038 | D46: 143.09 | E46: 0 | F46: 0 | G46: 34.9 | H46: 0 | I46: =W$1 -> 4.1 | J46: =ROUND(G46*I46,2) -> 143.09 | N46: =ROUND((G46*I46)-K46-L46-M46,2) -> 143.09 | O46: 500 | P46: =ROUND(IF(D46=0,IF((N46-E46-O46)>0,(N46-E46-O46),0),IF((D46+N46-O46)>0,(D46+N46-O46),0)),2) -> 0 | Q46: =ROUND(IF(E46=0,IF((D46+N46-O46)<0,ABS(D46+N46-O46),0),IF((N46-E46-O46)<0,ABS(N46-E46-O46),0)),2) -> 213.82
A47: 39 | B47: Лаптєв В.І. | C47: 2039 | D47: 200.08 | E47: 0 | F47: 0 | G47: 48.8 | H47: 0 | I47: =W$1 -> 4.1 | J47: =ROUND(G47*I47,2) -> 200.08 | N47: =ROUND((G47*I47)-K47-L47-M47,2) -> 200.08 | O47: 200.08 | P47: =ROUND(IF(D47=0,IF((N47-E47-O47)>0,(N47-E47-O47),0),IF((D47+N47-O47)>0,(D47+N47-O47),0)),2) -> 200.08 | Q47: =ROUND(IF(E47=0,IF((D47+N47-O47)<0,ABS(D47+N47-O47),0),IF((N47-E47-O47)<0,ABS(N47-E47-O47),0)),2) -> 0
A48: 40 | B48: Тимощук О.Є. | C48: 2040 | D48: 234.93 | E48: 0 | F48: 0 | G48: 57.3 | H48: 0 | I48: =W$1 -> 4.1 | J48: =ROUND(G48*I48,2) -> 234.93 | N48: =ROUND((G48*I48)-K48-L48-M48,2) -> 234.93 | O48: 234.93 | P48: =ROUND(IF(D48=0,IF((N48-E48-O48)>0,(N48-E48-O48),0),IF((D48+N48-O48)>0,(D48+N48-O48),0)),2) -> 234.93 | Q48: =ROUND(IF(E48=0,IF((D48+N48-O48)<0,ABS(D48+N48-O48),0),IF((N48-E48-O48)<0,ABS(N48-E48-O48),0)),2) -> 0
A49: 41 | B49: Котяш О.В. | C49: 2041 | D49: 3112.65 | E49: 0 | F49: 0 | G49: 63.3 | H49: 0 | I49: =W$1 -> 4.1 | J49: =ROUND(G49*I49,2) -> 259.53 | N49: =ROUND((G49*I49)-K49-L49-M49,2) -> 259.53 | P49: =ROUND(IF(D49=0,IF((N49-E49-O49)>0,(N49-E49-O49),0),IF((D49+N49-O49)>0,(D49+N49-O49),0)),2) -> 3372.18 | Q49: =ROUND(IF(E49=0,IF((D49+N49-O49)<0,ABS(D49+N49-O49),0),IF((N49-E49-O49)<0,ABS(N49-E49-O49),0)),2) -> 0
A50: 42 | B50: Токовило-Паращенко Л.П. | C50: 2042 | D50: 146.29 | E50: 0 | F50: 0 | G50: 35.68 | H50: 0 | I50: =W$1 -> 4.1 | J50: =ROUND(G50*I50,2) -> 146.29 | N50: =ROUND((G50*I50)-K50-L50-M50,2) -> 146.29 | O50: 146.29 | P50: =ROUND(IF(D50=0,IF((N50-E50-O50)>0,(N50-E50-O50),0),IF((D50+N50-O50)>0,(D50+N50-O50),0)),2) -> 146.29 | Q50: =ROUND(IF(E50=0,IF((D50+N50-O50)<0,ABS(D50+N50-O50),0),IF((N50-E50-O50)<0,ABS(N50-E50-O50),0)),2) -> 0
A51: 43 | B51: Бєлая К.В. | C51: 2043 | D51: 2820.4 | E51: 0 | F51: 0 | G51: 49.8 | H51: 0 | I51: =W$1 -> 4.1 | J51: =ROUND(G51*I51,2) -> 204.18 | N51: =ROUND((G51*I51)-K51-L51-M51,2) -> 204.18 | P51: =ROUND(IF(D51=0,IF((N51-E51-O51)>0,(N51-E51-O51),0),IF((D51+N51-O51)>0,(D51+N51-O51),0)),2) -> 3024.58 | Q51: =ROUND(IF(E51=0,IF((D51+N51-O51)<0,ABS(D51+N51-O51),0),IF((N51-E51-O51)<0,ABS(N51-E51-O51),0)),2) -> 0
A52: 44 | B52: Стадник О.Ф. | C52: 2044 | D52: 5725.47 | E52: 0 | F52: 0 | G52: 65.9 | H52: 0 | I52: =W$1 -> 4.1 | J52: =ROUND(G52*I52,2) -> 270.19 | N52: =ROUND((G52*I52)-K52-L52-M52,2) -> 270.19 | P52: =ROUND(IF(D52=0,IF((N52-E52-O52)>0,(N52-E52-O52),0),IF((D52+N52-O52)>0,(D52+N52-O52),0)),2) -> 5995.66 | Q52: =ROUND(IF(E52=0,IF((D52+N52-O52)<0,ABS(D52+N52-O52),0),IF((N52-E52-O52)<0,ABS(N52-E52-O52),0)),2) -> 0
A53: 45 | B53: Ляшенко В.М. | C53: 2045 | D53: 254.2 | E53: 0 | F53: 0 | G53: 62 | H53: 0 | I53: =W$1 -> 4.1 | J53: =ROUND(G53*I53,2) -> 254.2 | N53: =ROUND((G53*I53)-K53-L53-M53,2) -> 254.2 | O53: 254.2 | P53: =ROUND(IF(D53=0,IF((N53-E53-O53)>0,(N53-E53-O53),0),IF((D53+N53-O53)>0,(D53+N53-O53),0)),2) -> 254.2 | Q53: =ROUND(IF(E53=0,IF((D53+N53-O53)<0,ABS(D53+N53-O53),0),IF((N53-E53-O53)<0,ABS(N53-E53-O53),0)),2) -> 0
A54: 46 | B54: Смоленська Т.О. | C54: 2046 | D54: 143.91 | E54: 0 | F54: 0 | G54: 35.1 | H54: 0 | I54: =W$1 -> 4.1 | J54: =ROUND(G54*I54,2) -> 143.91 | N54: =ROUND((G54*I54)-K54-L54-M54,2) -> 143.91 | O54: 143.91 | P54: =ROUND(IF(D54=0,IF((N54-E54-O54)>0,(N54-E54-O54),0),IF((D54+N54-O54)>0,(D54+N54-O54),0)),2) -> 143.91 | Q54: =ROUND(IF(E54=0,IF((D54+N54-O54)<0,ABS(D54+N54-O54),0),IF((N54-E54-O54)<0,ABS(N54-E54-O54),0)),2) -> 0
A55: 47 | B55: Дудка І.В. | C55: 2047 | D55: 203.36 | E55: 0 | F55: 0 | G55: 49.6 | H55: 0 | I55: =W$1 -> 4.1 | J55: =ROUND(G55*I55,2) -> 203.36 | N55: =ROUND((G55*I55)-K55-L55-M55,2) -> 203.36 | O55: 203.36 | P55: =ROUND(IF(D55=0,IF((N55-E55-O55)>0,(N55-E55-O55),0),IF((D55+N55-O55)>0,(D55+N55-O55),0)),2) -> 203.36 | Q55: =ROUND(IF(E55=0,IF((D55+N55-O55)<0,ABS(D55+N55-O55),0),IF((N55-E55-O55)<0,ABS(N55-E55-O55),0)),2) -> 0
A56: 48 | B56: Буланова Л.І. | C56: 2048 | D56: 0 | E56: 0 | F56: 0 | G56: 66.44 | H56: 0 | I56: =W$1 -> 4.1 | J56: =ROUND(G56*I56,2) -> 272.4 | N56: =ROUND((G56*I56)-K56-L56-M56,2) -> 272.4 | P56: =ROUND(IF(D56=0,IF((N56-E56-O56)>0,(N56-E56-O56),0),IF((D56+N56-O56)>0,(D56+N56-O56),0)),2) -> 272.4 | Q56: =ROUND(IF(E56=0,IF((D56+N56-O56)<0,ABS(D56+N56-O56),0),IF((N56-E56-O56)<0,ABS(N56-E56-O56),0)),2) -> 0
A57: 49 | B57: Шалімова О.О. | C57: 2049 | D57: 426.23 | E57: 0 | F57: 0 | G57: 62.1 | H57: 0 | I57: =W$1 -> 4.1 | J57: =ROUND(G57*I57,2) -> 254.61 | N57: =ROUND((G57*I57)-K57-L57-M57,2) -> 254.61 | P57: =ROUND(IF(D57=0,IF((N57-E57-O57)>0,(N57-E57-O57),0),IF((D57+N57-O57)>0,(D57+N57-O57),0)),2) -> 680.84 | Q57: =ROUND(IF(E57=0,IF((D57+N57-O57)<0,ABS(D57+N57-O57),0),IF((N57-E57-O57)<0,ABS(N57-E57-O57),0)),2) -> 0
A58: 50 | B58: Андросик О.О. | C58: 2050 | D58: 1706.17 | E58: 0 | F58: 0 | G58: 34.9 | H58: 0 | I58: =W$1 -> 4.1 | J58: =ROUND(G58*I58,2) -> 143.09 | N58: =ROUND((G58*I58)-K58-L58-M58,2) -> 143.09 | O58: 493.17 | P58: =ROUND(IF(D58=0,IF((N58-E58-O58)>0,(N58-E58-O58),0),IF((D58+N58-O58)>0,(D58+N58-O58),0)),2) -> 1356.09 | Q58: =ROUND(IF(E58=0,IF((D58+N58-O58)<0,ABS(D58+N58-O58),0),IF((N58-E58-O58)<0,ABS(N58-E58-O58),0)),2) -> 0
A59: 51 | B59: Токар Є.А. | C59: 2051 | D59: 3608.3 | E59: 0 | F59: 0 | G59: 49.22 | H59: 0 | I59: =W$1 -> 4.1 | J59: =ROUND(G59*I59,2) -> 201.8 | N59: =ROUND((G59*I59)-K59-L59-M59,2) -> 201.8 | O59: 268.55 | P59: =ROUND(IF(D59=0,IF((N59-E59-O59)>0,(N59-E59-O59),0),IF((D59+N59-O59)>0,(D59+N59-O59),0)),2) -> 3541.55 | Q59: =ROUND(IF(E59=0,IF((D59+N59-O59)<0,ABS(D59+N59-O59),0),IF((N59-E59-O59)<0,ABS(N59-E59-O59),0)),2) -> 0
A60: 52 | B60: Констанчук І.В. | C60: 2052 | D60: 9169.11 | E60: 0 | F60: 0 | G60: 65.5 | H60: 0 | I60: =W$1 -> 4.1 | J60: =ROUND(G60*I60,2) -> 268.55 | N60: =ROUND((G60*I60)-K60-L60-M60,2) -> 268.55 | O60: 300 | P60: =ROUND(IF(D60=0,IF((N60-E60-O60)>0,(N60-E60-O60),0),IF((D60+N60-O60)>0,(D60+N60-O60),0)),2) -> 9137.66 | Q60: =ROUND(IF(E60=0,IF((D60+N60-O60)<0,ABS(D60+N60-O60),0),IF((N60-E60-O60)<0,ABS(N60-E60-O60),0)),2) -> 0
A61: 53 | B61: Гончаров В.В. | C61: 2053 | D61: 154.56 | E61: 0 | F61: 0 | G61: 62.64 | H61: 0 | I61: =W$1 -> 4.1 | J61: =ROUND(G61*I61,2) -> 256.82 | N61: =ROUND((G61*I61)-K61-L61-M61,2) -> 256.82 | O61: 800.56 | P61: =ROUND(IF(D61=0,IF((N61-E61-O61)>0,(N61-E61-O61),0),IF((D61+N61-O61)>0,(D61+N61-O61),0)),2) -> 0 | Q61: =ROUND(IF(E61=0,IF((D61+N61-O61)<0,ABS(D61+N61-O61),0),IF((N61-E61-O61)<0,ABS(N61-E61-O61),0)),2) -> 389.18
A62: 54 | B62: Ляхомський В.О. | C62: 2054 | D62: 1012.63 | E62: 0 | F62: 0 | G62: 34.9 | H62: 0 | I62: =W$1 -> 4.1 | J62: =ROUND(G62*I62,2) -> 143.09 | N62: =ROUND((G62*I62)-K62-L62-M62,2) -> 143.09 | P62: =ROUND(IF(D62=0,IF((N62-E62-O62)>0,(N62-E62-O62),0),IF((D62+N62-O62)>0,(D62+N62-O62),0)),2) -> 1155.72 | Q62: =ROUND(IF(E62=0,IF((D62+N62-O62)<0,ABS(D62+N62-O62),0),IF((N62-E62-O62)<0,ABS(N62-E62-O62),0)),2) -> 0
A63: 55 | B63: Крамаренко В.П. | C63: 2055 | D63: 816.56 | E63: 0 | F63: 0 | G63: 49.79 | H63: 0 | I63: =W$1 -> 4.1 | J63: =ROUND(G63*I63,2) -> 204.14 | N63: =ROUND((G63*I63)-K63-L63-M63,2) -> 204.14 | P63: =ROUND(IF(D63=0,IF((N63-E63-O63)>0,(N63-E63-O63),0),IF((D63+N63-O63)>0,(D63+N63-O63),0)),2) -> 1020.7 | Q63: =ROUND(IF(E63=0,IF((D63+N63-O63)<0,ABS(D63+N63-O63),0),IF((N63-E63-O63)<0,ABS(N63-E63-O63),0)),2) -> 0
A64: 56 | B64: Родзик С.Г. | C64: 2056 | D64: 3475.16 | E64: 0 | F64: 0 | G64: 65.2 | H64: 0 | I64: =W$1 -> 4.1 | J64: =ROUND(G64*I64,2) -> 267.32 | N64: =ROUND((G64*I64)-K64-L64-M64,2) -> 267.32 | P64: =ROUND(IF(D64=0,IF((N64-E64-O64)>0,(N64-E64-O64),0),IF((D64+N64-O64)>0,(D64+N64-O64),0)),2) -> 3742.48 | Q64: =ROUND(IF(E64=0,IF((D64+N64-O64)<0,ABS(D64+N64-O64),0),IF((N64-E64-O64)<0,ABS(N64-E64-O64),0)),2) -> 0
A65: 57 | B65: Никоненко Н.С. | C65: 2057 | D65: 10043.02 | E65: 0 | F65: 0 | G65: 61.88 | H65: 0 | I65: =W$1 -> 4.1 | J65: =ROUND(G65*I65,2) -> 253.71 | N65: =ROUND((G65*I65)-K65-L65-M65,2) -> 253.71 | P65: =ROUND(IF(D65=0,IF((N65-E65-O65)>0,(N65-E65-O65),0),IF((D65+N65-O65)>0,(D65+N65-O65),0)),2) -> 10296.73 | Q65: =ROUND(IF(E65=0,IF((D65+N65-O65)<0,ABS(D65+N65-O65),0),IF((N65-E65-O65)<0,ABS(N65-E65-O65),0)),2) -> 0
A66: 58 | B66: Чепок О.В. | C66: 2058 | D66: 5583.91 | E66: 0 | F66: 0 | G66: 35 | H66: 0 | I66: =W$1 -> 4.1 | J66: =ROUND(G66*I66,2) -> 143.5 | N66: =ROUND((G66*I66)-K66-L66-M66,2) -> 143.5 | P66: =ROUND(IF(D66=0,IF((N66-E66-O66)>0,(N66-E66-O66),0),IF((D66+N66-O66)>0,(D66+N66-O66),0)),2) -> 5727.41 | Q66: =ROUND(IF(E66=0,IF((D66+N66-O66)<0,ABS(D66+N66-O66),0),IF((N66-E66-O66)<0,ABS(N66-E66-O66),0)),2) -> 0
A67: 59 | B67: Горошенко Л.С. | C67: 2059 | D67: 2021.3 | E67: 0 | F67: 0 | G67: 49.3 | H67: 0 | I67: =W$1 -> 4.1 | J67: =ROUND(G67*I67,2) -> 202.13 | N67: =ROUND((G67*I67)-K67-L67-M67,2) -> 202.13 | P67: =ROUND(IF(D67=0,IF((N67-E67-O67)>0,(N67-E67-O67),0),IF((D67+N67-O67)>0,(D67+N67-O67),0)),2) -> 2223.43 | Q67: =ROUND(IF(E67=0,IF((D67+N67-O67)<0,ABS(D67+N67-O67),0),IF((N67-E67-O67)<0,ABS(N67-E67-O67),0)),2) -> 0
A68: 60 | B68: Неграчева Л.Г. | C68: 2060 | D68: 273.06 | E68: 0 | F68: 0 | G68: 66.6 | H68: 0 | I68: =W$1 -> 4.1 | J68: =ROUND(G68*I68,2) -> 273.06 | N68: =ROUND((G68*I68)-K68-L68-M68,2) -> 273.06 | O68: 273.06 | P68: =ROUND(IF(D68=0,IF((N68-E68-O68)>0,(N68-E68-O68),0),IF((D68+N68-O68)>0,(D68+N68-O68),0)),2) -> 273.06 | Q68: =ROUND(IF(E68=0,IF((D68+N68-O68)<0,ABS(D68+N68-O68),0),IF((N68-E68-O68)<0,ABS(N68-E68-O68),0)),2) -> 0
A69: 61 | B69: Брежнєв О.В. | C69: 2061 | D69: 1414.24 | E69: 0 | F69: 0 | G69: 61.88 | H69: 0 | I69: =W$1 -> 4.1 | J69: =ROUND(G69*I69,2) -> 253.71 | N69: =ROUND((G69*I69)-K69-L69-M69,2) -> 253.71 | P69: =ROUND(IF(D69=0,IF((N69-E69-O69)>0,(N69-E69-O69),0),IF((D69+N69-O69)>0,(D69+N69-O69),0)),2) -> 1667.95 | Q69: =ROUND(IF(E69=0,IF((D69+N69-O69)<0,ABS(D69+N69-O69),0),IF((N69-E69-O69)<0,ABS(N69-E69-O69),0)),2) -> 0
A70: 62 | B70: Горбатюк К.О. | C70: 2062 | D70: 1003.38 | E70: 0 | F70: 0 | G70: 34.96 | H70: 0 | I70: =W$1 -> 4.1 | J70: =ROUND(G70*I70,2) -> 143.34 | N70: =ROUND((G70*I70)-K70-L70-M70,2) -> 143.34 | P70: =ROUND(IF(D70=0,IF((N70-E70-O70)>0,(N70-E70-O70),0),IF((D70+N70-O70)>0,(D70+N70-O70),0)),2) -> 1146.72 | Q70: =ROUND(IF(E70=0,IF((D70+N70-O70)<0,ABS(D70+N70-O70),0),IF((N70-E70-O70)<0,ABS(N70-E70-O70),0)),2) -> 0
A71: 63 | B71: Божик М.О. | C71: 2063 | D71: 410.24 | E71: 0 | F71: 0 | G71: 50.03 | H71: 0 | I71: =W$1 -> 4.1 | J71: =ROUND(G71*I71,2) -> 205.12 | N71: =ROUND((G71*I71)-K71-L71-M71,2) -> 205.12 | O71: =205.12+410.24 -> 615.36 | P71: =ROUND(IF(D71=0,IF((N71-E71-O71)>0,(N71-E71-O71),0),IF((D71+N71-O71)>0,(D71+N71-O71),0)),2) -> 0 | Q71: =ROUND(IF(E71=0,IF((D71+N71-O71)<0,ABS(D71+N71-O71),0),IF((N71-E71-O71)<0,ABS(N71-E71-O71),0)),2) -> 0
A72: 64 | B72: Зайченко С.Л | C72: 2064 | D72: 12524.97 | E72: 0 | F72: 0 | G72: 65.15 | H72: 0 | I72: =W$1 -> 4.1 | J72: =ROUND(G72*I72,2) -> 267.12 | N72: =ROUND((G72*I72)-K72-L72-M72,2) -> 267.12 | P72: =ROUND(IF(D72=0,IF((N72-E72-O72)>0,(N72-E72-O72),0),IF((D72+N72-O72)>0,(D72+N72-O72),0)),2) -> 12792.09 | Q72: =ROUND(IF(E72=0,IF((D72+N72-O72)<0,ABS(D72+N72-O72),0),IF((N72-E72-O72)<0,ABS(N72-E72-O72),0)),2) -> 0
A73: 65 | B73: Бессараб Н.Г. | C73: 2065 | D73: 1547.97 | E73: 0 | F73: 0 | G73: 63.41 | H73: 0 | I73: =W$1 -> 4.1 | J73: =ROUND(G73*I73,2) -> 259.98 | N73: =ROUND((G73*I73)-K73-L73-M73,2) -> 259.98 | P73: =ROUND(IF(D73=0,IF((N73-E73-O73)>0,(N73-E73-O73),0),IF((D73+N73-O73)>0,(D73+N73-O73),0)),2) -> 1807.95 | Q73: =ROUND(IF(E73=0,IF((D73+N73-O73)<0,ABS(D73+N73-O73),0),IF((N73-E73-O73)<0,ABS(N73-E73-O73),0)),2) -> 0
A74: 66 | B74: Прохорова С.І. | C74: 2066 | D74: 0 | E74: 45.76 | F74: 0 | G74: 35.19 | H74: 0 | I74: =W$1 -> 4.1 | J74: =ROUND(G74*I74,2) -> 144.28 | N74: =ROUND((G74*I74)-K74-L74-M74,2) -> 144.28 | P74: =ROUND(IF(D74=0,IF((N74-E74-O74)>0,(N74-E74-O74),0),IF((D74+N74-O74)>0,(D74+N74-O74),0)),2) -> 98.52 | Q74: =ROUND(IF(E74=0,IF((D74+N74-O74)<0,ABS(D74+N74-O74),0),IF((N74-E74-O74)<0,ABS(N74-E74-O74),0)),2) -> 0
A75: 67 | B75: Браташ А.Ф. | C75: 2067 | D75: 9881.07 | E75: 0 | F75: 0 | G75: 49.89 | H75: 0 | I75: =W$1 -> 4.1 | J75: =ROUND(G75*I75,2) -> 204.55 | N75: =ROUND((G75*I75)-K75-L75-M75,2) -> 204.55 | P75: =ROUND(IF(D75=0,IF((N75-E75-O75)>0,(N75-E75-O75),0),IF((D75+N75-O75)>0,(D75+N75-O75),0)),2) -> 10085.62 | Q75: =ROUND(IF(E75=0,IF((D75+N75-O75)<0,ABS(D75+N75-O75),0),IF((N75-E75-O75)<0,ABS(N75-E75-O75),0)),2) -> 0
A76: 68 | B76: Кудас Д.О. | C76: 2068 | D76: 1066.48 | E76: 0 | F76: 0 | G76: 65.03 | H76: 0 | I76: =W$1 -> 4.1 | J76: =ROUND(G76*I76,2) -> 266.62 | N76: =ROUND((G76*I76)-K76-L76-M76,2) -> 266.62 | P76: =ROUND(IF(D76=0,IF((N76-E76-O76)>0,(N76-E76-O76),0),IF((D76+N76-O76)>0,(D76+N76-O76),0)),2) -> 1333.1 | Q76: =ROUND(IF(E76=0,IF((D76+N76-O76)<0,ABS(D76+N76-O76),0),IF((N76-E76-O76)<0,ABS(N76-E76-O76),0)),2) -> 0
A77: 69 | B77: Шушлєбін Б.В. | C77: 2069 | D77: 509.3 | E77: 0 | F77: 0 | G77: 62.11 | H77: 0 | I77: =W$1 -> 4.1 | J77: =ROUND(G77*I77,2) -> 254.65 | N77: =ROUND((G77*I77)-K77-L77-M77,2) -> 254.65 | O77: 680 | P77: =ROUND(IF(D77=0,IF((N77-E77-O77)>0,(N77-E77-O77),0),IF((D77+N77-O77)>0,(D77+N77-O77),0)),2) -> 83.95 | Q77: =ROUND(IF(E77=0,IF((D77+N77-O77)<0,ABS(D77+N77-O77),0),IF((N77-E77-O77)<0,ABS(N77-E77-O77),0)),2) -> 0
A78: 70 | B78: Бородіна І.О. | C78: 2070 | D78: 6477.99 | E78: 0 | F78: 0 | G78: 34.9 | H78: 0 | I78: =W$1 -> 4.1 | J78: =ROUND(G78*I78,2) -> 143.09 | N78: =ROUND((G78*I78)-K78-L78-M78,2) -> 143.09 | O78: 288 | P78: =ROUND(IF(D78=0,IF((N78-E78-O78)>0,(N78-E78-O78),0),IF((D78+N78-O78)>0,(D78+N78-O78),0)),2) -> 6333.08 | Q78: =ROUND(IF(E78=0,IF((D78+N78-O78)<0,ABS(D78+N78-O78),0),IF((N78-E78-O78)<0,ABS(N78-E78-O78),0)),2) -> 0
A79: 71 | B79: Котурга Л.Й. | C79: 2071 | D79: 201.72 | E79: 0 | F79: 0 | G79: 49.2 | H79: 0 | I79: =W$1 -> 4.1 | J79: =ROUND(G79*I79,2) -> 201.72 | N79: =ROUND((G79*I79)-K79-L79-M79,2) -> 201.72 | O79: 201.72 | P79: =ROUND(IF(D79=0,IF((N79-E79-O79)>0,(N79-E79-O79),0),IF((D79+N79-O79)>0,(D79+N79-O79),0)),2) -> 201.72 | Q79: =ROUND(IF(E79=0,IF((D79+N79-O79)<0,ABS(D79+N79-O79),0),IF((N79-E79-O79)<0,ABS(N79-E79-O79),0)),2) -> 0
A80: 72 | B80: Горова О.І. | C80: 2072 | D80: 268.26 | E80: 0 | F80: 0 | G80: 65.43 | H80: 0 | I80: =W$1 -> 4.1 | J80: =ROUND(G80*I80,2) -> 268.26 | N80: =ROUND((G80*I80)-K80-L80-M80,2) -> 268.26 | P80: =ROUND(IF(D80=0,IF((N80-E80-O80)>0,(N80-E80-O80),0),IF((D80+N80-O80)>0,(D80+N80-O80),0)),2) -> 536.52 | Q80: =ROUND(IF(E80=0,IF((D80+N80-O80)<0,ABS(D80+N80-O80),0),IF((N80-E80-O80)<0,ABS(N80-E80-O80),0)),2) -> 0
A81: 73 | B81: Рибакевич М.П. | C81: 3073 | D81: 1312.3 | E81: 0 | F81: 0 | G81: 64.5 | H81: 0 | I81: =W$1 -> 4.1 | J81: =ROUND(G81*I81,2) -> 264.45 | N81: =ROUND((G81*I81)-K81-L81-M81,2) -> 264.45 | O81: 300 | P81: =ROUND(IF(D81=0,IF((N81-E81-O81)>0,(N81-E81-O81),0),IF((D81+N81-O81)>0,(D81+N81-O81),0)),2) -> 1276.75 | Q81: =ROUND(IF(E81=0,IF((D81+N81-O81)<0,ABS(D81+N81-O81),0),IF((N81-E81-O81)<0,ABS(N81-E81-O81),0)),2) -> 0
A82: 74 | B82: Башкалов В.В. | C82: 3074 | D82: 0 | E82: 2.92 | F82: 0 | G82: 50.8 | H82: 0 | I82: =W$1 -> 4.1 | J82: =ROUND(G82*I82,2) -> 208.28 | N82: =ROUND((G82*I82)-K82-L82-M82,2) -> 208.28 | P82: =ROUND(IF(D82=0,IF((N82-E82-O82)>0,(N82-E82-O82),0),IF((D82+N82-O82)>0,(D82+N82-O82),0)),2) -> 205.36 | Q82: =ROUND(IF(E82=0,IF((D82+N82-O82)<0,ABS(D82+N82-O82),0),IF((N82-E82-O82)<0,ABS(N82-E82-O82),0)),2) -> 0
A83: 75 | B83: Тіхенко Г.Д. | C83: 3075 | D83: 3717.51 | E83: 0 | F83: 0 | G83: 34.9 | H83: 0 | I83: =W$1 -> 4.1 | J83: =ROUND(G83*I83,2) -> 143.09 | N83: =ROUND((G83*I83)-K83-L83-M83,2) -> 143.09 | P83: =ROUND(IF(D83=0,IF((N83-E83-O83)>0,(N83-E83-O83),0),IF((D83+N83-O83)>0,(D83+N83-O83),0)),2) -> 3860.6 | Q83: =ROUND(IF(E83=0,IF((D83+N83-O83)<0,ABS(D83+N83-O83),0),IF((N83-E83-O83)<0,ABS(N83-E83-O83),0)),2) -> 0
A84: 76 | B84: Головченко В.Г. | C84: 3076 | D84: 0.1 | E84: 0 | F84: 0 | G84: 61 | H84: 0 | I84: =W$1 -> 4.1 | J84: =ROUND(G84*I84,2) -> 250.1 | N84: =ROUND((G84*I84)-K84-L84-M84,2) -> 250.1 | P84: =ROUND(IF(D84=0,IF((N84-E84-O84)>0,(N84-E84-O84),0),IF((D84+N84-O84)>0,(D84+N84-O84),0)),2) -> 250.2 | Q84: =ROUND(IF(E84=0,IF((D84+N84-O84)<0,ABS(D84+N84-O84),0),IF((N84-E84-O84)<0,ABS(N84-E84-O84),0)),2) -> 0
A85: 77 | B85: Семанішина Є.С. | C85: 3077 | D85: 551.15 | E85: 0 | F85: 0 | G85: 64.5 | H85: 0 | I85: =W$1 -> 4.1 | J85: =ROUND(G85*I85,2) -> 264.45 | N85: =ROUND((G85*I85)-K85-L85-M85,2) -> 264.45 | O85: 150 | P85: =ROUND(IF(D85=0,IF((N85-E85-O85)>0,(N85-E85-O85),0),IF((D85+N85-O85)>0,(D85+N85-O85),0)),2) -> 665.6 | Q85: =ROUND(IF(E85=0,IF((D85+N85-O85)<0,ABS(D85+N85-O85),0),IF((N85-E85-O85)<0,ABS(N85-E85-O85),0)),2) -> 0
A86: 78 | B86: Зінченко Ю.В. | C86: 3078 | D86: 194.26 | E86: 0 | F86: 0 | G86: 49.3 | H86: 0 | I86: =W$1 -> 4.1 | J86: =ROUND(G86*I86,2) -> 202.13 | N86: =ROUND((G86*I86)-K86-L86-M86,2) -> 202.13 | O86: 210 | P86: =ROUND(IF(D86=0,IF((N86-E86-O86)>0,(N86-E86-O86),0),IF((D86+N86-O86)>0,(D86+N86-O86),0)),2) -> 186.39 | Q86: =ROUND(IF(E86=0,IF((D86+N86-O86)<0,ABS(D86+N86-O86),0),IF((N86-E86-O86)<0,ABS(N86-E86-O86),0)),2) -> 0
A87: 79 | B87: Рилова Г.П. | C87: 3079 | D87: 143.5 | E87: 0 | F87: 0 | G87: 35 | H87: 0 | I87: =W$1 -> 4.1 | J87: =ROUND(G87*I87,2) -> 143.5 | N87: =ROUND((G87*I87)-K87-L87-M87,2) -> 143.5 | P87: =ROUND(IF(D87=0,IF((N87-E87-O87)>0,(N87-E87-O87),0),IF((D87+N87-O87)>0,(D87+N87-O87),0)),2) -> 287 | Q87: =ROUND(IF(E87=0,IF((D87+N87-O87)<0,ABS(D87+N87-O87),0),IF((N87-E87-O87)<0,ABS(N87-E87-O87),0)),2) -> 0
A88: 80 | B88: Ленський І.О. | C88: 3080 | D88: 253.38 | E88: 0 | F88: 0 | G88: 61.8 | H88: 0 | I88: =W$1 -> 4.1 | J88: =ROUND(G88*I88,2) -> 253.38 | N88: =ROUND((G88*I88)-K88-L88-M88,2) -> 253.38 | P88: =ROUND(IF(D88=0,IF((N88-E88-O88)>0,(N88-E88-O88),0),IF((D88+N88-O88)>0,(D88+N88-O88),0)),2) -> 506.76 | Q88: =ROUND(IF(E88=0,IF((D88+N88-O88)<0,ABS(D88+N88-O88),0),IF((N88-E88-O88)<0,ABS(N88-E88-O88),0)),2) -> 0
A89: 81 | B89: Слюсар О.О. | C89: 3081 | D89: 12547.07 | E89: 0 | F89: 0 | G89: 65.81 | H89: 0 | I89: =W$1 -> 4.1 | J89: =ROUND(G89*I89,2) -> 269.82 | N89: =ROUND((G89*I89)-K89-L89-M89,2) -> 269.82 | P89: =ROUND(IF(D89=0,IF((N89-E89-O89)>0,(N89-E89-O89),0),IF((D89+N89-O89)>0,(D89+N89-O89),0)),2) -> 12816.89 | Q89: =ROUND(IF(E89=0,IF((D89+N89-O89)<0,ABS(D89+N89-O89),0),IF((N89-E89-O89)<0,ABS(N89-E89-O89),0)),2) -> 0
A90: 82 | B90: Кісельов Г.О. | C90: 3082 | D90: 0 | E90: 0.69 | F90: 0 | G90: 49.7 | H90: 0 | I90: =W$1 -> 4.1 | J90: =ROUND(G90*I90,2) -> 203.77 | N90: =ROUND((G90*I90)-K90-L90-M90,2) -> 203.77 | O90: 612 | P90: =ROUND(IF(D90=0,IF((N90-E90-O90)>0,(N90-E90-O90),0),IF((D90+N90-O90)>0,(D90+N90-O90),0)),2) -> 0 | Q90: =ROUND(IF(E90=0,IF((D90+N90-O90)<0,ABS(D90+N90-O90),0),IF((N90-E90-O90)<0,ABS(N90-E90-O90),0)),2) -> 408.92
A91: 83 | B91: Губанова Н.С. | C91: 3083 | D91: 5799.45 | E91: 0 | F91: 0 | G91: 34.5 | H91: 0 | I91: =W$1 -> 4.1 | J91: =ROUND(G91*I91,2) -> 141.45 | N91: =ROUND((G91*I91)-K91-L91-M91,2) -> 141.45 | P91: =ROUND(IF(D91=0,IF((N91-E91-O91)>0,(N91-E91-O91),0),IF((D91+N91-O91)>0,(D91+N91-O91),0)),2) -> 5940.9 | Q91: =ROUND(IF(E91=0,IF((D91+N91-O91)<0,ABS(D91+N91-O91),0),IF((N91-E91-O91)<0,ABS(N91-E91-O91),0)),2) -> 0
A92: 84 | B92: Попова А.В. | C92: 3084 | D92: 3756.43 | E92: 0 | F92: 0 | G92: 62.4 | H92: 0 | I92: =W$1 -> 4.1 | J92: =ROUND(G92*I92,2) -> 255.84 | N92: =ROUND((G92*I92)-K92-L92-M92,2) -> 255.84 | P92: =ROUND(IF(D92=0,IF((N92-E92-O92)>0,(N92-E92-O92),0),IF((D92+N92-O92)>0,(D92+N92-O92),0)),2) -> 4012.27 | Q92: =ROUND(IF(E92=0,IF((D92+N92-O92)<0,ABS(D92+N92-O92),0),IF((N92-E92-O92)<0,ABS(N92-E92-O92),0)),2) -> 0
A93: 85 | B93: Стародубець О.К. | C93: 3085 | D93: 272.49 | E93: 0 | F93: 0 | G93: 66.46 | H93: 0 | I93: =W$1 -> 4.1 | J93: =ROUND(G93*I93,2) -> 272.49 | N93: =ROUND((G93*I93)-K93-L93-M93,2) -> 272.49 | P93: =ROUND(IF(D93=0,IF((N93-E93-O93)>0,(N93-E93-O93),0),IF((D93+N93-O93)>0,(D93+N93-O93),0)),2) -> 544.98 | Q93: =ROUND(IF(E93=0,IF((D93+N93-O93)<0,ABS(D93+N93-O93),0),IF((N93-E93-O93)<0,ABS(N93-E93-O93),0)),2) -> 0
A94: 86 | B94: Сакун Т.А. | C94: 3086 | D94: 7786.62 | E94: 0 | F94: 0 | G94: 49.73 | H94: 0 | I94: =W$1 -> 4.1 | J94: =ROUND(G94*I94,2) -> 203.89 | N94: =ROUND((G94*I94)-K94-L94-M94,2) -> 203.89 | P94: =ROUND(IF(D94=0,IF((N94-E94-O94)>0,(N94-E94-O94),0),IF((D94+N94-O94)>0,(D94+N94-O94),0)),2) -> 7990.51 | Q94: =ROUND(IF(E94=0,IF((D94+N94-O94)<0,ABS(D94+N94-O94),0),IF((N94-E94-O94)<0,ABS(N94-E94-O94),0)),2) -> 0
A95: 87 | B95: Фатєєв Ю.О. | C95: 3087 | D95: 8943.69 | E95: 0 | F95: 0 | G95: 34.9 | H95: 0 | I95: =W$1 -> 4.1 | J95: =ROUND(G95*I95,2) -> 143.09 | N95: =ROUND((G95*I95)-K95-L95-M95,2) -> 143.09 | P95: =ROUND(IF(D95=0,IF((N95-E95-O95)>0,(N95-E95-O95),0),IF((D95+N95-O95)>0,(D95+N95-O95),0)),2) -> 9086.78 | Q95: =ROUND(IF(E95=0,IF((D95+N95-O95)<0,ABS(D95+N95-O95),0),IF((N95-E95-O95)<0,ABS(N95-E95-O95),0)),2) -> 0
A96: 88 | B96: Лукашов Є.В. | C96: 3088 | D96: 13377.39 | E96: 0 | F96: 0 | G96: 61.9 | H96: 0 | I96: =W$1 -> 4.1 | J96: =ROUND(G96*I96,2) -> 253.79 | N96: =ROUND((G96*I96)-K96-L96-M96,2) -> 253.79 | P96: =ROUND(IF(D96=0,IF((N96-E96-O96)>0,(N96-E96-O96),0),IF((D96+N96-O96)>0,(D96+N96-O96),0)),2) -> 13631.18 | Q96: =ROUND(IF(E96=0,IF((D96+N96-O96)<0,ABS(D96+N96-O96),0),IF((N96-E96-O96)<0,ABS(N96-E96-O96),0)),2) -> 0
A97: 89 | B97: Довбета В.М. | C97: 3089 | D97: 0 | E97: 12.24 | F97: 0 | G97: 65.3 | H97: 0 | I97: =W$1 -> 4.1 | J97: =ROUND(G97*I97,2) -> 267.73 | N97: =ROUND((G97*I97)-K97-L97-M97,2) -> 267.73 | O97: 260 | P97: =ROUND(IF(D97=0,IF((N97-E97-O97)>0,(N97-E97-O97),0),IF((D97+N97-O97)>0,(D97+N97-O97),0)),2) -> 0 | Q97: =ROUND(IF(E97=0,IF((D97+N97-O97)<0,ABS(D97+N97-O97),0),IF((N97-E97-O97)<0,ABS(N97-E97-O97),0)),2) -> 4.51
A98: 90 | B98: Черняк К.В. | C98: 3090 | D98: 380.69 | E98: 0 | F98: 0 | G98: 49.48 | H98: 0 | I98: =W$1 -> 4.1 | J98: =ROUND(G98*I98,2) -> 202.87 | N98: =ROUND((G98*I98)-K98-L98-M98,2) -> 202.87 | O98: 609 | P98: =ROUND(IF(D98=0,IF((N98-E98-O98)>0,(N98-E98-O98),0),IF((D98+N98-O98)>0,(D98+N98-O98),0)),2) -> 0 | Q98: =ROUND(IF(E98=0,IF((D98+N98-O98)<0,ABS(D98+N98-O98),0),IF((N98-E98-O98)<0,ABS(N98-E98-O98),0)),2) -> 25.44
A99: 91 | B99: Довбета С.П. | C99: 3091 | D99: 140.77 | E99: 0 | F99: 0 | G99: 35.1 | H99: 0 | I99: =W$1 -> 4.1 | J99: =ROUND(G99*I99,2) -> 143.91 | N99: =ROUND((G99*I99)-K99-L99-M99,2) -> 143.91 | O99: 143.91 | P99: =ROUND(IF(D99=0,IF((N99-E99-O99)>0,(N99-E99-O99),0),IF((D99+N99-O99)>0,(D99+N99-O99),0)),2) -> 140.77 | Q99: =ROUND(IF(E99=0,IF((D99+N99-O99)<0,ABS(D99+N99-O99),0),IF((N99-E99-O99)<0,ABS(N99-E99-O99),0)),2) -> 0
A100: 92 | B100: Липка Г.Ю. | C100: 3092 | D100: 12956 | E100: 0 | F100: 0 | G100: 63.2 | H100: 0 | I100: =W$1 -> 4.1 | J100: =ROUND(G100*I100,2) -> 259.12 | N100: =ROUND((G100*I100)-K100-L100-M100,2) -> 259.12 | P100: =ROUND(IF(D100=0,IF((N100-E100-O100)>0,(N100-E100-O100),0),IF((D100+N100-O100)>0,(D100+N100-O100),0)),2) -> 13215.12 | Q100: =ROUND(IF(E100=0,IF((D100+N100-O100)<0,ABS(D100+N100-O100),0),IF((N100-E100-O100)<0,ABS(N100-E100-O100),0)),2) -> 0
A101: 93 | B101: Утьосов Д.М. | C101: 3093 | D101: 7394.84 | E101: 0 | F101: 0 | G101: 66.1 | H101: 0 | I101: =W$1 -> 4.1 | J101: =ROUND(G101*I101,2) -> 271.01 | N101: =ROUND((G101*I101)-K101-L101-M101,2) -> 271.01 | P101: =ROUND(IF(D101=0,IF((N101-E101-O101)>0,(N101-E101-O101),0),IF((D101+N101-O101)>0,(D101+N101-O101),0)),2) -> 7665.85 | Q101: =ROUND(IF(E101=0,IF((D101+N101-O101)<0,ABS(D101+N101-O101),0),IF((N101-E101-O101)<0,ABS(N101-E101-O101),0)),2) -> 0
A102: 94 | B102: Стеценко Д.М. | C102: 3094 | D102: 7350.55 | E102: 0 | F102: 0 | G102: 49.8 | H102: 0 | I102: =W$1 -> 4.1 | J102: =ROUND(G102*I102,2) -> 204.18 | N102: =ROUND((G102*I102)-K102-L102-M102,2) -> 204.18 | P102: =ROUND(IF(D102=0,IF((N102-E102-O102)>0,(N102-E102-O102),0),IF((D102+N102-O102)>0,(D102+N102-O102),0)),2) -> 7554.73 | Q102: =ROUND(IF(E102=0,IF((D102+N102-O102)<0,ABS(D102+N102-O102),0),IF((N102-E102-O102)<0,ABS(N102-E102-O102),0)),2) -> 0
A103: 95 | B103: Задніпряна О.М. | C103: 3095 | D103: 6243.44 | E103: 0 | F103: 0 | G103: 34.6 | H103: 0 | I103: =W$1 -> 4.1 | J103: =ROUND(G103*I103,2) -> 141.86 | N103: =ROUND((G103*I103)-K103-L103-M103,2) -> 141.86 | P103: =ROUND(IF(D103=0,IF((N103-E103-O103)>0,(N103-E103-O103),0),IF((D103+N103-O103)>0,(D103+N103-O103),0)),2) -> 6385.3 | Q103: =ROUND(IF(E103=0,IF((D103+N103-O103)<0,ABS(D103+N103-O103),0),IF((N103-E103-O103)<0,ABS(N103-E103-O103),0)),2) -> 0
A104: 96 | B104: Геращенко М.Д. | C104: 3096 | D104: 256.66 | E104: 0 | F104: 0 | G104: 62.6 | H104: 0 | I104: =W$1 -> 4.1 | J104: =ROUND(G104*I104,2) -> 256.66 | N104: =ROUND((G104*I104)-K104-L104-M104,2) -> 256.66 | O104: 256.66 | P104: =ROUND(IF(D104=0,IF((N104-E104-O104)>0,(N104-E104-O104),0),IF((D104+N104-O104)>0,(D104+N104-O104),0)),2) -> 256.66 | Q104: =ROUND(IF(E104=0,IF((D104+N104-O104)<0,ABS(D104+N104-O104),0),IF((N104-E104-O104)<0,ABS(N104-E104-O104),0)),2) -> 0
A105: 97 | B105: Горб В.М. | C105: 3097 | D105: 11288.59 | E105: 0 | F105: 0 | G105: 65.57 | H105: 0 | I105: =W$1 -> 4.1 | J105: =ROUND(G105*I105,2) -> 268.84 | N105: =ROUND((G105*I105)-K105-L105-M105,2) -> 268.84 | P105: =ROUND(IF(D105=0,IF((N105-E105-O105)>0,(N105-E105-O105),0),IF((D105+N105-O105)>0,(D105+N105-O105),0)),2) -> 11557.43 | Q105: =ROUND(IF(E105=0,IF((D105+N105-O105)<0,ABS(D105+N105-O105),0),IF((N105-E105-O105)<0,ABS(N105-E105-O105),0)),2) -> 0
A106: 98 | B106: Нойок Г.К. | C106: 3098 | D106: 7364.15 | E106: 0 | F106: 0 | G106: 49.8 | H106: 0 | I106: =W$1 -> 4.1 | J106: =ROUND(G106*I106,2) -> 204.18 | N106: =ROUND((G106*I106)-K106-L106-M106,2) -> 204.18 | P106: =ROUND(IF(D106=0,IF((N106-E106-O106)>0,(N106-E106-O106),0),IF((D106+N106-O106)>0,(D106+N106-O106),0)),2) -> 7568.33 | Q106: =ROUND(IF(E106=0,IF((D106+N106-O106)<0,ABS(D106+N106-O106),0),IF((N106-E106-O106)<0,ABS(N106-E106-O106),0)),2) -> 0
A107: 99 | B107: Сафонова О.В. | C107: 3099 | D107: 5963.96 | E107: 0 | F107: 0 | G107: 34.9 | H107: 0 | I107: =W$1 -> 4.1 | J107: =ROUND(G107*I107,2) -> 143.09 | N107: =ROUND((G107*I107)-K107-L107-M107,2) -> 143.09 | P107: =ROUND(IF(D107=0,IF((N107-E107-O107)>0,(N107-E107-O107),0),IF((D107+N107-O107)>0,(D107+N107-O107),0)),2) -> 6107.05 | Q107: =ROUND(IF(E107=0,IF((D107+N107-O107)<0,ABS(D107+N107-O107),0),IF((N107-E107-O107)<0,ABS(N107-E107-O107),0)),2) -> 0
A108: 100 | B108: Вінарська Н.П. | C108: 30100 | D108: 12097.04 | E108: 0 | F108: 0 | G108: 62.78 | H108: 0 | I108: =W$1 -> 4.1 | J108: =ROUND(G108*I108,2) -> 257.4 | N108: =ROUND((G108*I108)-K108-L108-M108,2) -> 257.4 | P108: =ROUND(IF(D108=0,IF((N108-E108-O108)>0,(N108-E108-O108),0),IF((D108+N108-O108)>0,(D108+N108-O108),0)),2) -> 12354.44 | Q108: =ROUND(IF(E108=0,IF((D108+N108-O108)<0,ABS(D108+N108-O108),0),IF((N108-E108-O108)<0,ABS(N108-E108-O108),0)),2) -> 0
...

Sheet лютий
A1: ОСББ "Карбишева - 22" | N1: 37465042
B2: Відомість нарахувань та оплати мешканців за утримання будинку
B3: у лютому 2026 року
A6: № кв. | B6: ПІБ | C6: Особ. рах. | D6: Д-Т | E6: К-Т | F6: Пільга % | G6: Заг.площа | H6: Пільг. Площа | I6: Тариф | J6: 100% нарах. | K6: Пільгова сума | L6: сплачені суми пільг за реєстрами | M6: Коригування | N6: До сплати | O6: Сплачено | P6: Д-Т | Q6: К-Т
A7: 1 | B7: =січень!B7 -> Бережний В.М. | C7: 1001 | D7: =січень!P7 -> 1086.62 | E7: =січень!Q7 -> 0 | F7: =січень!F7 -> 0 | G7: =січень!G7 -> 64.26 | H7: =січень!H7 -> 0 | I7: =січень!I7 -> 4.1 | J7: =ROUND(G7*I7,2) -> 263.47 | N7: =ROUND((G7*I7)-K7-L7-M7,2) -> 263.47 | P7: =ROUND(IF(D7=0,IF((N7-E7-O7)>0,(N7-E7-O7),0),IF((D7+N7-O7)>0,(D7+N7-O7),0)),2) -> 1350.09 | Q7: =ROUND(IF(E7=0,IF((D7+N7-O7)<0,ABS(D7+N7-O7),0),IF((N7-E7-O7)<0,ABS(N7-E7-O7),0)),2) -> 0
A8: 2 | B8: =січень!B8 -> Старикова Т.О. | C8: 1002 | D8: =січень!P8 -> 199.71 | E8: =січень!Q8 -> 0 | F8: =січень!F8 -> 0 | G8: =січень!G8 -> 48.71 | H8: =січень!H8 -> 0 | I8: =січень!I8 -> 4.1 | J8: =ROUND(G8*I8,2) -> 199.71 | N8: =ROUND((G8*I8)-K8-L8-M8,2) -> 199.71 | P8: =ROUND(IF(D8=0,IF((N8-E8-O8)>0,(N8-E8-O8),0),IF((D8+N8-O8)>0,(D8+N8-O8),0)),2) -> 399.42 | Q8: =ROUND(IF(E8=0,IF((D8+N8-O8)<0,ABS(D8+N8-O8),0),IF((N8-E8-O8)<0,ABS(N8-E8-O8),0)),2) -> 0
A9: 3 | B9: =січень!B9 -> Мазур Т.В. | C9: 1003 | D9: =січень!P9 -> 287 | E9: =січень!Q9 -> 0 | F9: =січень!F9 -> 0 | G9: =січень!G9 -> 35 | H9: =січень!H9 -> 0 | I9: =січень!I9 -> 4.1 | J9: =ROUND(G9*I9,2) -> 143.5 | N9: =ROUND((G9*I9)-K9-L9-M9,2) -> 143.5 | P9: =ROUND(IF(D9=0,IF((N9-E9-O9)>0,(N9-E9-O9),0),IF((D9+N9-O9)>0,(D9+N9-O9),0)),2) -> 430.5 | Q9: =ROUND(IF(E9=0,IF((D9+N9-O9)<0,ABS(D9+N9-O9),0),IF((N9-E9-O9)<0,ABS(N9-E9-O9),0)),2) -> 0
A10: 4 | B10: =січень!B10 -> Сокол О.В. | C10: 1004 | D10: =січень!P10 -> 0 | E10: =січень!Q10 -> 0 | F10: =січень!F10 -> 0 | G10: =січень!G10 -> 61.6 | H10: =січень!H10 -> 0 | I10: =січень!I10 -> 4.1 | J10: =ROUND(G10*I10,2) -> 252.56 | N10: =ROUND((G10*I10)-K10-L10-M10,2) -> 252.56 | P10: =ROUND(IF(D10=0,IF((N10-E10-O10)>0,(N10-E10-O10),0),IF((D10+N10-O10)>0,(D10+N10-O10),0)),2) -> 252.56 | Q10: =ROUND(IF(E10=0,IF((D10+N10-O10)<0,ABS(D10+N10-O10),0),IF((N10-E10-O10)<0,ABS(N10-E10-O10),0)),2) -> 0
A11: 5 | B11: =січень!B11 -> Семко Л.І. | C11: 1005 | D11: =січень!P11 -> 2760.06 | E11: =січень!Q11 -> 0 | F11: =січень!F11 -> 0 | G11: =січень!G11 -> 28.34 | H11: =січень!H11 -> 0 | I11: =січень!I11 -> 4.1 | J11: =ROUND(G11*I11,2) -> 116.19 | N11: =ROUND((G11*I11)-K11-L11-M11,2) -> 116.19 | P11: =ROUND(IF(D11=0,IF((N11-E11-O11)>0,(N11-E11-O11),0),IF((D11+N11-O11)>0,(D11+N11-O11),0)),2) -> 2876.25 | Q11: =ROUND(IF(E11=0,IF((D11+N11-O11)<0,ABS(D11+N11-O11),0),IF((N11-E11-O11)<0,ABS(N11-E11-O11),0)),2) -> 0
A12: 5 | B12: =січень!B12 -> Гаркуша Н.І. | C12: 1005-а | D12: =січень!P12 -> 959.57 | E12: =січень!Q12 -> 0 | F12: =січень!F12 -> 0 | G12: =січень!G12 -> 36.66 | H12: =січень!H12 -> 0 | I12: =січень!I12 -> 4.1 | J12: =ROUND(G12*I12,2) -> 150.31 | N12: =ROUND((G12*I12)-K12-L12-M12,2) -> 150.31 | P12: =ROUND(IF(D12=0,IF((N12-E12-O12)>0,(N12-E12-O12),0),IF((D12+N12-O12)>0,(D12+N12-O12),0)),2) -> 1109.88 | Q12: =ROUND(IF(E12=0,IF((D12+N12-O12)<0,ABS(D12+N12-O12),0),IF((N12-E12-O12)<0,ABS(N12-E12-O12),0)),2) -> 0
A13: 6 | B13: =січень!B13 -> Андріяшев В.М | C13: 1006 | D13: =січень!P13 -> 338.74 | E13: =січень!Q13 -> 0 | F13: =січень!F13 -> 0 | G13: =січень!G13 -> 49.8 | H13: =січень!H13 -> 0 | I13: =січень!I13 -> 4.1 | J13: =ROUND(G13*I13,2) -> 204.18 | N13: =ROUND((G13*I13)-K13-L13-M13,2) -> 204.18 | P13: =ROUND(IF(D13=0,IF((N13-E13-O13)>0,(N13-E13-O13),0),IF((D13+N13-O13)>0,(D13+N13-O13),0)),2) -> 542.92 | Q13: =ROUND(IF(E13=0,IF((D13+N13-O13)<0,ABS(D13+N13-O13),0),IF((N13-E13-O13)<0,ABS(N13-E13-O13),0)),2) -> 0
A14: 7 | B14: =січень!B14 -> Старчикова О.М. | C14: 1007 | D14: =січень!P14 -> 284.14 | E14: =січень!Q14 -> 0 | F14: =січень!F14 -> 0 | G14: =січень!G14 -> 34.65 | H14: =січень!H14 -> 0 | I14: =січень!I14 -> 4.1 | J14: =ROUND(G14*I14,2) -> 142.07 | N14: =ROUND((G14*I14)-K14-L14-M14,2) -> 142.07 | P14: =ROUND(IF(D14=0,IF((N14-E14-O14)>0,(N14-E14-O14),0),IF((D14+N14-O14)>0,(D14+N14-O14),0)),2) -> 426.21 | Q14: =ROUND(IF(E14=0,IF((D14+N14-O14)<0,ABS(D14+N14-O14),0),IF((N14-E14-O14)<0,ABS(N14-E14-O14),0)),2) -> 0
A15: 8 | B15: =січень!B15 -> Безер Т.М | C15: 1008 | D15: =січень!P15 -> 247.74 | E15: =січень!Q15 -> 0 | F15: =січень!F15 -> 0 | G15: =січень!G15 -> 62.14 | H15: =січень!H15 -> 0 | I15: =січень!I15 -> 4.1 | J15: =ROUND(G15*I15,2) -> 254.77 | N15: =ROUND((G15*I15)-K15-L15-M15,2) -> 254.77 | P15: =ROUND(IF(D15=0,IF((N15-E15-O15)>0,(N15-E15-O15),0),IF((D15+N15-O15)>0,(D15+N15-O15),0)),2) -> 502.51 | Q15: =ROUND(IF(E15=0,IF((D15+N15-O15)<0,ABS(D15+N15-O15),0),IF((N15-E15-O15)<0,ABS(N15-E15-O15),0)),2) -> 0
A16: 9 | B16: =січень!B16 -> Решетило М.М | C16: 1009 | D16: =січень!P16 -> 1068.88 | E16: =січень!Q16 -> 0 | F16: =січень!F16 -> 0 | G16: =січень!G16 -> 65.16 | H16: =січень!H16 -> 0 | I16: =січень!I16 -> 4.1 | J16: =ROUND(G16*I16,2) -> 267.16 | N16: =ROUND((G16*I16)-K16-L16-M16,2) -> 267.16 | P16: =ROUND(IF(D16=0,IF((N16-E16-O16)>0,(N16-E16-O16),0),IF((D16+N16-O16)>0,(D16+N16-O16),0)),2) -> 1336.04 | Q16: =ROUND(IF(E16=0,IF((D16+N16-O16)<0,ABS(D16+N16-O16),0),IF((N16-E16-O16)<0,ABS(N16-E16-O16),0)),2) -> 0
A17: 10 | B17: =січень!B17 -> Фесенко О.В. | C17: 1010 | D17: =січень!P17 -> 5082.1 | E17: =січень!Q17 -> 0 | F17: =січень!F17 -> 0 | G17: =січень!G17 -> 50.1 | H17: =січень!H17 -> 0 | I17: =січень!I17 -> 4.1 | J17: =ROUND(G17*I17,2) -> 205.41 | N17: =ROUND((G17*I17)-K17-L17-M17,2) -> 205.41 | P17: =ROUND(IF(D17=0,IF((N17-E17-O17)>0,(N17-E17-O17),0),IF((D17+N17-O17)>0,(D17+N17-O17),0)),2) -> 5287.51 | Q17: =ROUND(IF(E17=0,IF((D17+N17-O17)<0,ABS(D17+N17-O17),0),IF((N17-E17-O17)<0,ABS(N17-E17-O17),0)),2) -> 0
A18: 11 | B18: =січень!B18 -> Петренко О.М. | C18: 1011 | D18: =січень!P18 -> 1692.52 | E18: =січень!Q18 -> 0 | F18: =січень!F18 -> 0 | G18: =січень!G18 -> 35.2 | H18: =січень!H18 -> 0 | I18: =січень!I18 -> 4.1 | J18: =ROUND(G18*I18,2) -> 144.32 | N18: =ROUND((G18*I18)-K18-L18-M18,2) -> 144.32 | P18: =ROUND(IF(D18=0,IF((N18-E18-O18)>0,(N18-E18-O18),0),IF((D18+N18-O18)>0,(D18+N18-O18),0)),2) -> 1836.84 | Q18: =ROUND(IF(E18=0,IF((D18+N18-O18)<0,ABS(D18+N18-O18),0),IF((N18-E18-O18)<0,ABS(N18-E18-O18),0)),2) -> 0
... A221: 213 | B221: =січень!B221 -> Корнюшенко О.О. | C221: 60213 | D221: =січень!P221 -> 7779 | E221: =січень!Q221 -> 0 | F221: =січень!F221 -> 0 | G221: =січень!G221 -> 62 | H221: =січень!H221 -> 0 | I221: =січень!I221 -> 4.1 | J221: =ROUND(G221*I221,2) -> 254.2 | N221: =ROUND((G221*I221)-K221-L221-M221,2) -> 254.2 | P221: =ROUND(IF(D221=0,IF((N221-E221-O221)>0,(N221-E221-O221),0),IF((D221+N221-O221)>0,(D221+N221-O221),0)),2) -> 8033.2 | Q221: =ROUND(IF(E221=0,IF((D221+N221-O221)<0,ABS(D221+N221-O221),0),IF((N221-E221-O221)<0,ABS(N221-E221-O221),0)),2) -> 0
D222: =SUM(D7:D221) -> 812245.35 | E222: =SUM(E7:E221) -> 5240.47 | G222: =SUM(G7:G221) -> 11652.42 | H222: =SUM(H7:H221) -> 0 | J222: =SUM(J7:J221) -> 47774.99 | K222: =SUM(K7:K221) -> 0 | L222: =SUM(L7:L221) -> 0 | M222: =SUM(M7:M221) -> 0 | N222: =SUM(N7:N221) -> 47774.99 | O222: =SUM(O7:O221) -> 0 | P222: =SUM(P7:P221) -> 858443.06 | Q222: =SUM(Q7:Q221) -> 3663.19
D223: =D222-E222 -> 807004.88 | P223: =P222-Q222 -> 854779.87 | V223: 0
V224: 0

Sheet березень
A1: ОСББ "Карбишева - 22" | N1: 37465042
B2: Відомість нарахувань та оплати мешканців за утримання будинку
B3: у березні 2026 року
A6: № кв. | B6: ПІБ | C6: Особ. рах. | D6: Д-Т | E6: К-Т | F6: Пільга % | G6: Заг.площа | H6: Пільг. Площа | I6: Тариф | J6: 100% нарах. | K6: Пільгова сума | L6: сплачені суми пільг за реєстрами | M6: Коригування | N6: До сплати | O6: Сплачено | P6: Д-Т | Q6: К-Т
A7: 1 | B7: =лютий!B7 -> Бережний В.М. | C7: 1001 | D7: =лютий!P7 -> 1350.09 | E7: =лютий!Q7 -> 0 | F7: =лютий!F7 -> 0 | G7: =лютий!G7 -> 64.26 | H7: =лютий!H7 -> 0 | I7: =лютий!I7 -> 4.1 | J7: =ROUND(G7*I7,2) -> 263.47 | N7: =ROUND((G7*I7)-K7-L7-M7,2) -> 263.47 | P7: =ROUND(IF(D7=0,IF((N7-E7-O7)>0,(N7-E7-O7),0),IF((D7+N7-O7)>0,(D7+N7-O7),0)),2) -> 1613.56 | Q7: =ROUND(IF(E7=0,IF((D7+N7-O7)<0,ABS(D7+N7-O7),0),IF((N7-E7-O7)<0,ABS(N7-E7-O7),0)),2) -> 0
A8: 2 | B8: =лютий!B8 -> Старикова Т.О. | C8: 1002 | D8: =лютий!P8 -> 399.42 | E8: =лютий!Q8 -> 0 | F8: =лютий!F8 -> 0 | G8: =лютий!G8 -> 48.71 | H8: =лютий!H8 -> 0 | I8: =лютий!I8 -> 4.1 | J8: =ROUND(G8*I8,2) -> 199.71 | N8: =ROUND((G8*I8)-K8-L8-M8,2) -> 199.71 | P8: =ROUND(IF(D8=0,IF((N8-E8-O8)>0,(N8-E8-O8),0),IF((D8+N8-O8)>0,(D8+N8-O8),0)),2) -> 599.13 | Q8: =ROUND(IF(E8=0,IF((D8+N8-O8)<0,ABS(D8+N8-O8),0),IF((N8-E8-O8)<0,ABS(N8-E8-O8),0)),2) -> 0
A9: 3 | B9: =лютий!B9 -> Мазур Т.В. | C9: 1003 | D9: =лютий!P9 -> 430.5 | E9: =лютий!Q9 -> 0 | F9: =лютий!F9 -> 0 | G9: =лютий!G9 -> 35 | H9: =лютий!H9 -> 0 | I9: =лютий!I9 -> 4.1 | J9: =ROUND(G9*I9,2) -> 143.5 | N9: =ROUND((G9*I9)-K9-L9-M9,2) -> 143.5 | P9: =ROUND(IF(D9=0,IF((N9-E9-O9)>0,(N9-E9-O9),0),IF((D9+N9-O9)>0,(D9+N9-O9),0)),2) -> 574 | Q9: =ROUND(IF(E9=0,IF((D9+N9-O9)<0,ABS(D9+N9-O9),0),IF((N9-E9-O9)<0,ABS(N9-E9-O9),0)),2) -> 0
A10: 4 | B10: =лютий!B10 -> Сокол О.В. | C10: 1004 | D10: =лютий!P10 -> 252.56 | E10: =лютий!Q10 -> 0 | F10: =лютий!F10 -> 0 | G10: =лютий!G10 -> 61.6 | H10: =лютий!H10 -> 0 | I10: =лютий!I10 -> 4.1 | J10: =ROUND(G10*I10,2) -> 252.56 | N10: =ROUND((G10*I10)-K10-L10-M10,2) -> 252.56 | P10: =ROUND(IF(D10=0,IF((N10-E10-O10)>0,(N10-E10-O10),0),IF((D10+N10-O10)>0,(D10+N10-O10),0)),2) -> 505.12 | Q10: =ROUND(IF(E10=0,IF((D10+N10-O10)<0,ABS(D10+N10-O10),0),IF((N10-E10-O10)<0,ABS(N10-E10-O10),0)),2) -> 0
A11: 5 | B11: =лютий!B11 -> Семко Л.І. | C11: 1005 | D11: =лютий!P11 -> 2876.25 | E11: =лютий!Q11 -> 0 | F11: =лютий!F11 -> 0 | G11: =лютий!G11 -> 28.34 | H11: =лютий!H11 -> 0 | I11: =лютий!I11 -> 4.1 | J11: =ROUND(G11*I11,2) -> 116.19 | N11: =ROUND((G11*I11)-K11-L11-M11,2) -> 116.19 | P11: =ROUND(IF(D11=0,IF((N11-E11-O11)>0,(N11-E11-O11),0),IF((D11+N11-O11)>0,(D11+N11-O11),0)),2) -> 2992.44 | Q11: =ROUND(IF(E11=0,IF((D11+N11-O11)<0,ABS(D11+N11-O11),0),IF((N11-E11-O11)<0,ABS(N11-E11-O11),0)),2) -> 0
A12: 5 | B12: =лютий!B12 -> Гаркуша Н.І. | C12: 1005-а | D12: =лютий!P12 -> 1109.88 | E12: =лютий!Q12 -> 0 | F12: =лютий!F12 -> 0 | G12: =лютий!G12 -> 36.66 | H12: =лютий!H12 -> 0 | I12: =лютий!I12 -> 4.1 | J12: =ROUND(G12*I12,2) -> 150.31 | N12: =ROUND((G12*I12)-K12-L12-M12,2) -> 150.31 | P12: =ROUND(IF(D12=0,IF((N12-E12-O12)>0,(N12-E12-O12),0),IF((D12+N12-O12)>0,(D12+N12-O12),0)),2) -> 1260.19 | Q12: =ROUND(IF(E12=0,IF((D12+N12-O12)<0,ABS(D12+N12-O12),0),IF((N12-E12-O12)<0,ABS(N12-E12-O12),0)),2) -> 0
A13: 6 | B13: =лютий!B13 -> Андріяшев В.М | C13: 1006 | D13: =лютий!P13 -> 542.92 | E13: =лютий!Q13 -> 0 | F13: =лютий!F13 -> 0 | G13: =лютий!G13 -> 49.8 | H13: =лютий!H13 -> 0 | I13: =лютий!I13 -> 4.1 | J13: =ROUND(G13*I13,2) -> 204.18 | N13: =ROUND((G13*I13)-K13-L13-M13,2) -> 204.18 | P13: =ROUND(IF(D13=0,IF((N13-E13-O13)>0,(N13-E13-O13),0),IF((D13+N13-O13)>0,(D13+N13-O13),0)),2) -> 747.1 | Q13: =ROUND(IF(E13=0,IF((D13+N13-O13)<0,ABS(D13+N13-O13),0),IF((N13-E13-O13)<0,ABS(N13-E13-O13),0)),2) -> 0
A14: 7 | B14: =лютий!B14 -> Старчикова О.М. | C14: 1007 | D14: =лютий!P14 -> 426.21 | E14: =лютий!Q14 -> 0 | F14: =лютий!F14 -> 0 | G14: =лютий!G14 -> 34.65 | H14: =лютий!H14 -> 0 | I14: =лютий!I14 -> 4.1 | J14: =ROUND(G14*I14,2) -> 142.07 | N14: =ROUND((G14*I14)-K14-L14-M14,2) -> 142.07 | P14: =ROUND(IF(D14=0,IF((N14-E14-O14)>0,(N14-E14-O14),0),IF((D14+N14-O14)>0,(D14+N14-O14),0)),2) -> 568.28 | Q14: =ROUND(IF(E14=0,IF((D14+N14-O14)<0,ABS(D14+N14-O14),0),IF((N14-E14-O14)<0,ABS(N14-E14-O14),0)),2) -> 0
A15: 8 | B15: =лютий!B15 -> Безер Т.М | C15: 1008 | D15: =лютий!P15 -> 502.51 | E15: =лютий!Q15 -> 0 | F15: =лютий!F15 -> 0 | G15: =лютий!G15 -> 62.14 | H15: =лютий!H15 -> 0 | I15: =лютий!I15 -> 4.1 | J15: =ROUND(G15*I15,2) -> 254.77 | N15: =ROUND((G15*I15)-K15-L15-M15,2) -> 254.77 | P15: =ROUND(IF(D15=0,IF((N15-E15-O15)>0,(N15-E15-O15),0),IF((D15+N15-O15)>0,(D15+N15-O15),0)),2) -> 757.28 | Q15: =ROUND(IF(E15=0,IF((D15+N15-O15)<0,ABS(D15+N15-O15),0),IF((N15-E15-O15)<0,ABS(N15-E15-O15),0)),2) -> 0
A16: 9 | B16: =лютий!B16 -> Решетило М.М | C16: 1009 | D16: =лютий!P16 -> 1336.04 | E16: =лютий!Q16 -> 0 | F16: =лютий!F16 -> 0 | G16: =лютий!G16 -> 65.16 | H16: =лютий!H16 -> 0 | I16: =лютий!I16 -> 4.1 | J16: =ROUND(G16*I16,2) -> 267.16 | N16: =ROUND((G16*I16)-K16-L16-M16,2) -> 267.16 | P16: =ROUND(IF(D16=0,IF((N16-E16-O16)>0,(N16-E16-O16),0),IF((D16+N16-O16)>0,(D16+N16-O16),0)),2) -> 1603.2 | Q16: =ROUND(IF(E16=0,IF((D16+N16-O16)<0,ABS(D16+N16-O16),0),IF((N16-E16-O16)<0,ABS(N16-E16-O16),0)),2) -> 0
A17: 10 | B17: =лютий!B17 -> Фесенко О.В. | C17: 1010 | D17: =лютий!P17 -> 5287.51 | E17: =лютий!Q17 -> 0 | F17: =лютий!F17 -> 0 | G17: =лютий!G17 -> 50.1 | H17: =лютий!H17 -> 0 | I17: =лютий!I17 -> 4.1 | J17: =ROUND(G17*I17,2) -> 205.41 | N17: =ROUND((G17*I17)-K17-L17-M17,2) -> 205.41 | P17: =ROUND(IF(D17=0,IF((N17-E17-O17)>0,(N17-E17-O17),0),IF((D17+N17-O17)>0,(D17+N17-O17),0)),2) -> 5492.92 | Q17: =ROUND(IF(E17=0,IF((D17+N17-O17)<0,ABS(D17+N17-O17),0),IF((N17-E17-O17)<0,ABS(N17-E17-O17),0)),2) -> 0
A18: 11 | B18: =лютий!B18 -> Петренко О.М. | C18: 1011 | D18: =лютий!P18 -> 1836.84 | E18: =лютий!Q18 -> 0 | F18: =лютий!F18 -> 0 | G18: =лютий!G18 -> 35.2 | H18: =лютий!H18 -> 0 | I18: =лютий!I18 -> 4.1 | J18: =ROUND(G18*I18,2) -> 144.32 | N18: =ROUND((G18*I18)-K18-L18-M18,2) -> 144.32 | P18: =ROUND(IF(D18=0,IF((N18-E18-O18)>0,(N18-E18-O18),0),IF((D18+N18-O18)>0,(D18+N18-O18),0)),2) -> 1981.16 | Q18: =ROUND(IF(E18=0,IF((D18+N18-O18)<0,ABS(D18+N18-O18),0),IF((N18-E18-O18)<0,ABS(N18-E18-O18),0)),2) -> 0
... A221: 213 | B221: =лютий!B221 -> Корнюшенко О.О. | C221: 60213 | D221: =лютий!P221 -> 8033.2 | E221: =лютий!Q221 -> 0 | F221: =лютий!F221 -> 0 | G221: =лютий!G221 -> 62 | H221: =лютий!H221 -> 0 | I221: =лютий!I221 -> 4.1 | J221: =ROUND(G221*I221,2) -> 254.2 | N221: =ROUND((G221*I221)-K221-L221-M221,2) -> 254.2 | P221: =ROUND(IF(D221=0,IF((N221-E221-O221)>0,(N221-E221-O221),0),IF((D221+N221-O221)>0,(D221+N221-O221),0)),2) -> 8287.4 | Q221: =ROUND(IF(E221=0,IF((D221+N221-O221)<0,ABS(D221+N221-O221),0),IF((N221-E221-O221)<0,ABS(N221-E221-O221),0)),2) -> 0
D222: =SUM(D7:D221) -> 858443.06 | E222: =SUM(E7:E221) -> 3663.19 | G222: =SUM(G7:G221) -> 11652.42 | H222: =SUM(H7:H221) -> 0 | J222: =SUM(J7:J221) -> 47774.99 | K222: =SUM(K7:K221) -> 0 | L222: =SUM(L7:L221) -> 0 | M222: =SUM(M7:M221) -> 0 | N222: =SUM(N7:N221) -> 47774.99 | O222: =SUM(O7:O221) -> 0 | P222: =SUM(P7:P221) -> 905229.57 | Q222: =SUM(Q7:Q221) -> 2674.71
D223: =D222-E222 -> 854779.87 | P223: =P222-Q222 -> 902554.86
U224: 32657.23
U226: =U224-O222 -> 32657.23

Sheet квітень
A1: ОСББ "Карбишева - 22" | N1: 37465042
B2: Відомість нарахувань та оплати мешканців за утримання будинку
B3: у квітні 2026 року
A6: № кв. | B6: ПІБ | C6: Особ. рах. | D6: Д-Т | E6: К-Т | F6: Пільга % | G6: Заг.площа | H6: Пільг. Площа | I6: Тариф | J6: 100% нарах. | K6: Пільгова сума | L6: сплачені суми пільг за реєстрами | M6: Коригування | N6: До сплати | O6: Сплачено | P6: Д-Т | Q6: К-Т
A7: 1 | B7: =березень!B7 -> Бережний В.М. | C7: 1001 | D7: =березень!P7 -> 1613.56 | E7: =березень!Q7 -> 0 | F7: =березень!F7 -> 0 | G7: =березень!G7 -> 64.26 | H7: =березень!H7 -> 0 | I7: =березень!I7 -> 4.1 | J7: =ROUND(G7*I7,2) -> 263.47 | N7: =ROUND((G7*I7)-K7-L7-M7,2) -> 263.47 | P7: =ROUND(IF(D7=0,IF((N7-E7-O7)>0,(N7-E7-O7),0),IF((D7+N7-O7)>0,(D7+N7-O7),0)),2) -> 1877.03 | Q7: =ROUND(IF(E7=0,IF((D7+N7-O7)<0,ABS(D7+N7-O7),0),IF((N7-E7-O7)<0,ABS(N7-E7-O7),0)),2) -> 0
A8: 2 | B8: =березень!B8 -> Старикова Т.О. | C8: 1002 | D8: =березень!P8 -> 599.13 | E8: =березень!Q8 -> 0 | F8: =березень!F8 -> 0 | G8: =березень!G8 -> 48.71 | H8: =березень!H8 -> 0 | I8: =березень!I8 -> 4.1 | J8: =ROUND(G8*I8,2) -> 199.71 | N8: =ROUND((G8*I8)-K8-L8-M8,2) -> 199.71 | P8: =ROUND(IF(D8=0,IF((N8-E8-O8)>0,(N8-E8-O8),0),IF((D8+N8-O8)>0,(D8+N8-O8),0)),2) -> 798.84 | Q8: =ROUND(IF(E8=0,IF((D8+N8-O8)<0,ABS(D8+N8-O8),0),IF((N8-E8-O8)<0,ABS(N8-E8-O8),0)),2) -> 0
A9: 3 | B9: =березень!B9 -> Мазур Т.В. | C9: 1003 | D9: =березень!P9 -> 574 | E9: =березень!Q9 -> 0 | F9: =березень!F9 -> 0 | G9: =березень!G9 -> 35 | H9: =березень!H9 -> 0 | I9: =березень!I9 -> 4.1 | J9: =ROUND(G9*I9,2) -> 143.5 | N9: =ROUND((G9*I9)-K9-L9-M9,2) -> 143.5 | P9: =ROUND(IF(D9=0,IF((N9-E9-O9)>0,(N9-E9-O9),0),IF((D9+N9-O9)>0,(D9+N9-O9),0)),2) -> 717.5 | Q9: =ROUND(IF(E9=0,IF((D9+N9-O9)<0,ABS(D9+N9-O9),0),IF((N9-E9-O9)<0,ABS(N9-E9-O9),0)),2) -> 0
A10: 4 | B10: =березень!B10 -> Сокол О.В. | C10: 1004 | D10: =березень!P10 -> 505.12 | E10: =березень!Q10 -> 0 | F10: =березень!F10 -> 0 | G10: =березень!G10 -> 61.6 | H10: =березень!H10 -> 0 | I10: =березень!I10 -> 4.1 | J10: =ROUND(G10*I10,2) -> 252.56 | N10: =ROUND((G10*I10)-K10-L10-M10,2) -> 252.56 | P10: =ROUND(IF(D10=0,IF((N10-E10-O10)>0,(N10-E10-O10),0),IF((D10+N10-O10)>0,(D10+N10-O10),0)),2) -> 757.68 | Q10: =ROUND(IF(E10=0,IF((D10+N10-O10)<0,ABS(D10+N10-O10),0),IF((N10-E10-O10)<0,ABS(N10-E10-O10),0)),2) -> 0
A11: 5 | B11: =березень!B11 -> Семко Л.І. | C11: 1005 | D11: =березень!P11 -> 2992.44 | E11: =березень!Q11 -> 0 | F11: =березень!F11 -> 0 | G11: =березень!G11 -> 28.34 | H11: =березень!H11 -> 0 | I11: =березень!I11 -> 4.1 | J11: =ROUND(G11*I11,2) -> 116.19 | N11: =ROUND((G11*I11)-K11-L11-M11,2) -> 116.19 | P11: =ROUND(IF(D11=0,IF((N11-E11-O11)>0,(N11-E11-O11),0),IF((D11+N11-O11)>0,(D11+N11-O11),0)),2) -> 3108.63 | Q11: =ROUND(IF(E11=0,IF((D11+N11-O11)<0,ABS(D11+N11-O11),0),IF((N11-E11-O11)<0,ABS(N11-E11-O11),0)),2) -> 0
A12: 5 | B12: =березень!B12 -> Гаркуша Н.І. | C12: 1005-а | D12: =березень!P12 -> 1260.19 | E12: =березень!Q12 -> 0 | F12: =березень!F12 -> 0 | G12: =березень!G12 -> 36.66 | H12: =березень!H12 -> 0 | I12: =березень!I12 -> 4.1 | J12: =ROUND(G12*I12,2) -> 150.31 | N12: =ROUND((G12*I12)-K12-L12-M12,2) -> 150.31 | P12: =ROUND(IF(D12=0,IF((N12-E12-O12)>0,(N12-E12-O12),0),IF((D12+N12-O12)>0,(D12+N12-O12),0)),2) -> 1410.5 | Q12: =ROUND(IF(E12=0,IF((D12+N12-O12)<0,ABS(D12+N12-O12),0),IF((N12-E12-O12)<0,ABS(N12-E12-O12),0)),2) -> 0
A13: 6 | B13: =березень!B13 -> Андріяшев В.М | C13: 1006 | D13: =березень!P13 -> 747.1 | E13: =березень!Q13 -> 0 | F13: =березень!F13 -> 0 | G13: =березень!G13 -> 49.8 | H13: =березень!H13 -> 0 | I13: =березень!I13 -> 4.1 | J13: =ROUND(G13*I13,2) -> 204.18 | N13: =ROUND((G13*I13)-K13-L13-M13,2) -> 204.18 | P13: =ROUND(IF(D13=0,IF((N13-E13-O13)>0,(N13-E13-O13),0),IF((D13+N13-O13)>0,(D13+N13-O13),0)),2) -> 951.28 | Q13: =ROUND(IF(E13=0,IF((D13+N13-O13)<0,ABS(D13+N13-O13),0),IF((N13-E13-O13)<0,ABS(N13-E13-O13),0)),2) -> 0
A14: 7 | B14: =березень!B14 -> Старчикова О.М. | C14: 1007 | D14: =березень!P14 -> 568.28 | E14: =березень!Q14 -> 0 | F14: =березень!F14 -> 0 | G14: =березень!G14 -> 34.65 | H14: =березень!H14 -> 0 | I14: =березень!I14 -> 4.1 | J14: =ROUND(G14*I14,2) -> 142.07 | N14: =ROUND((G14*I14)-K14-L14-M14,2) -> 142.07 | P14: =ROUND(IF(D14=0,IF((N14-E14-O14)>0,(N14-E14-O14),0),IF((D14+N14-O14)>0,(D14+N14-O14),0)),2) -> 710.35 | Q14: =ROUND(IF(E14=0,IF((D14+N14-O14)<0,ABS(D14+N14-O14),0),IF((N14-E14-O14)<0,ABS(N14-E14-O14),0)),2) -> 0
A15: 8 | B15: =березень!B15 -> Безер Т.М | C15: 1008 | D15: =березень!P15 -> 757.28 | E15: =березень!Q15 -> 0 | F15: =березень!F15 -> 0 | G15: =березень!G15 -> 62.14 | H15: =березень!H15 -> 0 | I15: =березень!I15 -> 4.1 | J15: =ROUND(G15*I15,2) -> 254.77 | N15: =ROUND((G15*I15)-K15-L15-M15,2) -> 254.77 | P15: =ROUND(IF(D15=0,IF((N15-E15-O15)>0,(N15-E15-O15),0),IF((D15+N15-O15)>0,(D15+N15-O15),0)),2) -> 1012.05 | Q15: =ROUND(IF(E15=0,IF((D15+N15-O15)<0,ABS(D15+N15-O15),0),IF((N15-E15-O15)<0,ABS(N15-E15-O15),0)),2) -> 0
A16: 9 | B16: =березень!B16 -> Решетило М.М | C16: 1009 | D16: =березень!P16 -> 1603.2 | E16: =березень!Q16 -> 0 | F16: =березень!F16 -> 0 | G16: =березень!G16 -> 65.16 | H16: =березень!H16 -> 0 | I16: =березень!I16 -> 4.1 | J16: =ROUND(G16*I16,2) -> 267.16 | N16: =ROUND((G16*I16)-K16-L16-M16,2) -> 267.16 | P16: =ROUND(IF(D16=0,IF((N16-E16-O16)>0,(N16-E16-O16),0),IF((D16+N16-O16)>0,(D16+N16-O16),0)),2) -> 1870.36 | Q16: =ROUND(IF(E16=0,IF((D16+N16-O16)<0,ABS(D16+N16-O16),0),IF((N16-E16-O16)<0,ABS(N16-E16-O16),0)),2) -> 0
A17: 10 | B17: =березень!B17 -> Фесенко О.В. | C17: 1010 | D17: =березень!P17 -> 5492.92 | E17: =березень!Q17 -> 0 | F17: =березень!F17 -> 0 | G17: =березень!G17 -> 50.1 | H17: =березень!H17 -> 0 | I17: =березень!I17 -> 4.1 | J17: =ROUND(G17*I17,2) -> 205.41 | N17: =ROUND((G17*I17)-K17-L17-M17,2) -> 205.41 | P17: =ROUND(IF(D17=0,IF((N17-E17-O17)>0,(N17-E17-O17),0),IF((D17+N17-O17)>0,(D17+N17-O17),0)),2) -> 5698.33 | Q17: =ROUND(IF(E17=0,IF((D17+N17-O17)<0,ABS(D17+N17-O17),0),IF((N17-E17-O17)<0,ABS(N17-E17-O17),0)),2) -> 0
A18: 11 | B18: =березень!B18 -> Петренко О.М. | C18: 1011 | D18: =березень!P18 -> 1981.16 | E18: =березень!Q18 -> 0 | F18: =березень!F18 -> 0 | G18: =березень!G18 -> 35.2 | H18: =березень!H18 -> 0 | I18: =березень!I18 -> 4.1 | J18: =ROUND(G18*I18,2) -> 144.32 | N18: =ROUND((G18*I18)-K18-L18-M18,2) -> 144.32 | P18: =ROUND(IF(D18=0,IF((N18-E18-O18)>0,(N18-E18-O18),0),IF((D18+N18-O18)>0,(D18+N18-O18),0)),2) -> 2125.48 | Q18: =ROUND(IF(E18=0,IF((D18+N18-O18)<0,ABS(D18+N18-O18),0),IF((N18-E18-O18)<0,ABS(N18-E18-O18),0)),2) -> 0
... A221: 213 | B221: =березень!B221 -> Корнюшенко О.О. | C221: 60213 | D221: =березень!P221 -> 8287.4 | E221: =березень!Q221 -> 0 | F221: =березень!F221 -> 0 | G221: =березень!G221 -> 62 | H221: =березень!H221 -> 0 | I221: =березень!I221 -> 4.1 | J221: =ROUND(G221*I221,2) -> 254.2 | N221: =ROUND((G221*I221)-K221-L221-M221,2) -> 254.2 | P221: =ROUND(IF(D221=0,IF((N221-E221-O221)>0,(N221-E221-O221),0),IF((D221+N221-O221)>0,(D221+N221-O221),0)),2) -> 8541.6 | Q221: =ROUND(IF(E221=0,IF((D221+N221-O221)<0,ABS(D221+N221-O221),0),IF((N221-E221-O221)<0,ABS(N221-E221-O221),0)),2) -> 0
D222: =SUM(D7:D221) -> 905229.57 | E222: =SUM(E7:E221) -> 2674.71 | G222: =SUM(G7:G221) -> 11652.42 | H222: =SUM(H7:H221) -> 0 | J222: =SUM(J7:J221) -> 47774.99 | K222: =SUM(K7:K221) -> 0 | L222: =SUM(L7:L221) -> 0 | M222: =SUM(M7:M221) -> 0 | N222: =SUM(N7:N221) -> 47774.99 | O222: =SUM(O7:O221) -> 0 | P222: =SUM(P7:P221) -> 952455.69 | Q222: =SUM(Q7:Q221) -> 2125.84
D223: =D222-E222 -> 902554.86 | P223: =P222-Q222 -> 950329.85
V224: 29813.5
V225: =O222-V224 -> -29813.5

Sheet травень
A1: ОСББ "Карбишева - 22" | N1: 37465042
B2: Відомість нарахувань та оплати мешканців за утримання будинку
B3: у травні 2026 року
A6: № кв. | B6: ПІБ | C6: Особ. рах. | D6: Д-Т | E6: К-Т | F6: Пільга % | G6: Заг.площа | H6: Пільг. Площа | I6: Тариф | J6: 100% нарах. | K6: Пільгова сума | L6: сплачені суми пільг за реєстрами | M6: Коригування | N6: До сплати | O6: Сплачено | P6: Д-Т | Q6: К-Т
A7: 1 | B7: =квітень!B7 -> Бережний В.М. | C7: 1001 | D7: =квітень!P7 -> 1877.03 | E7: =квітень!Q7 -> 0 | F7: =квітень!F7 -> 0 | G7: =квітень!G7 -> 64.26 | H7: =квітень!H7 -> 0 | I7: =квітень!I7 -> 4.1 | J7: =ROUND(G7*I7,2) -> 263.47 | N7: =ROUND((G7*I7)-K7-L7-M7,2) -> 263.47 | P7: =ROUND(IF(D7=0,IF((N7-E7-O7)>0,(N7-E7-O7),0),IF((D7+N7-O7)>0,(D7+N7-O7),0)),2) -> 2140.5 | Q7: =ROUND(IF(E7=0,IF((D7+N7-O7)<0,ABS(D7+N7-O7),0),IF((N7-E7-O7)<0,ABS(N7-E7-O7),0)),2) -> 0
A8: 2 | B8: =квітень!B8 -> Старикова Т.О. | C8: 1002 | D8: =квітень!P8 -> 798.84 | E8: =квітень!Q8 -> 0 | F8: =квітень!F8 -> 0 | G8: =квітень!G8 -> 48.71 | H8: =квітень!H8 -> 0 | I8: =квітень!I8 -> 4.1 | J8: =ROUND(G8*I8,2) -> 199.71 | N8: =ROUND((G8*I8)-K8-L8-M8,2) -> 199.71 | P8: =ROUND(IF(D8=0,IF((N8-E8-O8)>0,(N8-E8-O8),0),IF((D8+N8-O8)>0,(D8+N8-O8),0)),2) -> 998.55 | Q8: =ROUND(IF(E8=0,IF((D8+N8-O8)<0,ABS(D8+N8-O8),0),IF((N8-E8-O8)<0,ABS(N8-E8-O8),0)),2) -> 0
A9: 3 | B9: =квітень!B9 -> Мазур Т.В. | C9: 1003 | D9: =квітень!P9 -> 717.5 | E9: =квітень!Q9 -> 0 | F9: =квітень!F9 -> 0 | G9: =квітень!G9 -> 35 | H9: =квітень!H9 -> 0 | I9: =квітень!I9 -> 4.1 | J9: =ROUND(G9*I9,2) -> 143.5 | N9: =ROUND((G9*I9)-K9-L9-M9,2) -> 143.5 | P9: =ROUND(IF(D9=0,IF((N9-E9-O9)>0,(N9-E9-O9),0),IF((D9+N9-O9)>0,(D9+N9-O9),0)),2) -> 861 | Q9: =ROUND(IF(E9=0,IF((D9+N9-O9)<0,ABS(D9+N9-O9),0),IF((N9-E9-O9)<0,ABS(N9-E9-O9),0)),2) -> 0
A10: 4 | B10: =квітень!B10 -> Сокол О.В. | C10: 1004 | D10: =квітень!P10 -> 757.68 | E10: =квітень!Q10 -> 0 | F10: =квітень!F10 -> 0 | G10: =квітень!G10 -> 61.6 | H10: =квітень!H10 -> 0 | I10: =квітень!I10 -> 4.1 | J10: =ROUND(G10*I10,2) -> 252.56 | N10: =ROUND((G10*I10)-K10-L10-M10,2) -> 252.56 | P10: =ROUND(IF(D10=0,IF((N10-E10-O10)>0,(N10-E10-O10),0),IF((D10+N10-O10)>0,(D10+N10-O10),0)),2) -> 1010.24 | Q10: =ROUND(IF(E10=0,IF((D10+N10-O10)<0,ABS(D10+N10-O10),0),IF((N10-E10-O10)<0,ABS(N10-E10-O10),0)),2) -> 0
A11: 5 | B11: =квітень!B11 -> Семко Л.І. | C11: 1005 | D11: =квітень!P11 -> 3108.63 | E11: =квітень!Q11 -> 0 | F11: =квітень!F11 -> 0 | G11: =квітень!G11 -> 28.34 | H11: =квітень!H11 -> 0 | I11: =квітень!I11 -> 4.1 | J11: =ROUND(G11*I11,2) -> 116.19 | N11: =ROUND((G11*I11)-K11-L11-M11,2) -> 116.19 | P11: =ROUND(IF(D11=0,IF((N11-E11-O11)>0,(N11-E11-O11),0),IF((D11+N11-O11)>0,(D11+N11-O11),0)),2) -> 3224.82 | Q11: =ROUND(IF(E11=0,IF((D11+N11-O11)<0,ABS(D11+N11-O11),0),IF((N11-E11-O11)<0,ABS(N11-E11-O11),0)),2) -> 0
A12: 5 | B12: =квітень!B12 -> Гаркуша Н.І. | C12: 1005-а | D12: =квітень!P12 -> 1410.5 | E12: =квітень!Q12 -> 0 | F12: =квітень!F12 -> 0 | G12: =квітень!G12 -> 36.66 | H12: =квітень!H12 -> 0 | I12: =квітень!I12 -> 4.1 | J12: =ROUND(G12*I12,2) -> 150.31 | N12: =ROUND((G12*I12)-K12-L12-M12,2) -> 150.31 | P12: =ROUND(IF(D12=0,IF((N12-E12-O12)>0,(N12-E12-O12),0),IF((D12+N12-O12)>0,(D12+N12-O12),0)),2) -> 1560.81 | Q12: =ROUND(IF(E12=0,IF((D12+N12-O12)<0,ABS(D12+N12-O12),0),IF((N12-E12-O12)<0,ABS(N12-E12-O12),0)),2) -> 0
A13: 6 | B13: =квітень!B13 -> Андріяшев В.М | C13: 1006 | D13: =квітень!P13 -> 951.28 | E13: =квітень!Q13 -> 0 | F13: =квітень!F13 -> 0 | G13: =квітень!G13 -> 49.8 | H13: =квітень!H13 -> 0 | I13: =квітень!I13 -> 4.1 | J13: =ROUND(G13*I13,2) -> 204.18 | N13: =ROUND((G13*I13)-K13-L13-M13,2) -> 204.18 | P13: =ROUND(IF(D13=0,IF((N13-E13-O13)>0,(N13-E13-O13),0),IF((D13+N13-O13)>0,(D13+N13-O13),0)),2) -> 1155.46 | Q13: =ROUND(IF(E13=0,IF((D13+N13-O13)<0,ABS(D13+N13-O13),0),IF((N13-E13-O13)<0,ABS(N13-E13-O13),0)),2) -> 0
A14: 7 | B14: =квітень!B14 -> Старчикова О.М. | C14: 1007 | D14: =квітень!P14 -> 710.35 | E14: =квітень!Q14 -> 0 | F14: =квітень!F14 -> 0 | G14: =квітень!G14 -> 34.65 | H14: =квітень!H14 -> 0 | I14: =квітень!I14 -> 4.1 | J14: =ROUND(G14*I14,2) -> 142.07 | N14: =ROUND((G14*I14)-K14-L14-M14,2) -> 142.07 | P14: =ROUND(IF(D14=0,IF((N14-E14-O14)>0,(N14-E14-O14),0),IF((D14+N14-O14)>0,(D14+N14-O14),0)),2) -> 852.42 | Q14: =ROUND(IF(E14=0,IF((D14+N14-O14)<0,ABS(D14+N14-O14),0),IF((N14-E14-O14)<0,ABS(N14-E14-O14),0)),2) -> 0
A15: 8 | B15: =квітень!B15 -> Безер Т.М | C15: 1008 | D15: =квітень!P15 -> 1012.05 | E15: =квітень!Q15 -> 0 | F15: =квітень!F15 -> 0 | G15: =квітень!G15 -> 62.14 | H15: =квітень!H15 -> 0 | I15: =квітень!I15 -> 4.1 | J15: =ROUND(G15*I15,2) -> 254.77 | N15: =ROUND((G15*I15)-K15-L15-M15,2) -> 254.77 | P15: =ROUND(IF(D15=0,IF((N15-E15-O15)>0,(N15-E15-O15),0),IF((D15+N15-O15)>0,(D15+N15-O15),0)),2) -> 1266.82 | Q15: =ROUND(IF(E15=0,IF((D15+N15-O15)<0,ABS(D15+N15-O15),0),IF((N15-E15-O15)<0,ABS(N15-E15-O15),0)),2) -> 0
A16: 9 | B16: =квітень!B16 -> Решетило М.М | C16: 1009 | D16: =квітень!P16 -> 1870.36 | E16: =квітень!Q16 -> 0 | F16: =квітень!F16 -> 0 | G16: =квітень!G16 -> 65.16 | H16: =квітень!H16 -> 0 | I16: =квітень!I16 -> 4.1 | J16: =ROUND(G16*I16,2) -> 267.16 | N16: =ROUND((G16*I16)-K16-L16-M16,2) -> 267.16 | P16: =ROUND(IF(D16=0,IF((N16-E16-O16)>0,(N16-E16-O16),0),IF((D16+N16-O16)>0,(D16+N16-O16),0)),2) -> 2137.52 | Q16: =ROUND(IF(E16=0,IF((D16+N16-O16)<0,ABS(D16+N16-O16),0),IF((N16-E16-O16)<0,ABS(N16-E16-O16),0)),2) -> 0
A17: 10 | B17: =квітень!B17 -> Фесенко О.В. | C17: 1010 | D17: =квітень!P17 -> 5698.33 | E17: =квітень!Q17 -> 0 | F17: =квітень!F17 -> 0 | G17: =квітень!G17 -> 50.1 | H17: =квітень!H17 -> 0 | I17: =квітень!I17 -> 4.1 | J17: =ROUND(G17*I17,2) -> 205.41 | N17: =ROUND((G17*I17)-K17-L17-M17,2) -> 205.41 | P17: =ROUND(IF(D17=0,IF((N17-E17-O17)>0,(N17-E17-O17),0),IF((D17+N17-O17)>0,(D17+N17-O17),0)),2) -> 5903.74 | Q17: =ROUND(IF(E17=0,IF((D17+N17-O17)<0,ABS(D17+N17-O17),0),IF((N17-E17-O17)<0,ABS(N17-E17-O17),0)),2) -> 0
A18: 11 | B18: =квітень!B18 -> Петренко О.М. | C18: 1011 | D18: =квітень!P18 -> 2125.48 | E18: =квітень!Q18 -> 0 | F18: =квітень!F18 -> 0 | G18: =квітень!G18 -> 35.2 | H18: =квітень!H18 -> 0 | I18: =квітень!I18 -> 4.1 | J18: =ROUND(G18*I18,2) -> 144.32 | N18: =ROUND((G18*I18)-K18-L18-M18,2) -> 144.32 | P18: =ROUND(IF(D18=0,IF((N18-E18-O18)>0,(N18-E18-O18),0),IF((D18+N18-O18)>0,(D18+N18-O18),0)),2) -> 2269.8 | Q18: =ROUND(IF(E18=0,IF((D18+N18-O18)<0,ABS(D18+N18-O18),0),IF((N18-E18-O18)<0,ABS(N18-E18-O18),0)),2) -> 0
... A221: 213 | B221: =квітень!B221 -> Корнюшенко О.О. | C221: 60213 | D221: =квітень!P221 -> 8541.6 | E221: =квітень!Q221 -> 0 | F221: =квітень!F221 -> 0 | G221: =квітень!G221 -> 62 | H221: =квітень!H221 -> 0 | I221: =квітень!I221 -> 4.1 | J221: =ROUND(G221*I221,2) -> 254.2 | N221: =ROUND((G221*I221)-K221-L221-M221,2) -> 254.2 | P221: =ROUND(IF(D221=0,IF((N221-E221-O221)>0,(N221-E221-O221),0),IF((D221+N221-O221)>0,(D221+N221-O221),0)),2) -> 8795.8 | Q221: =ROUND(IF(E221=0,IF((D221+N221-O221)<0,ABS(D221+N221-O221),0),IF((N221-E221-O221)<0,ABS(N221-E221-O221),0)),2) -> 0
D222: =SUM(D7:D221) -> 952455.69 | E222: =SUM(E7:E221) -> 2125.84 | G222: =SUM(G7:G221) -> 11652.42 | H222: =SUM(H7:H221) -> 0 | J222: =SUM(J7:J221) -> 47774.99 | K222: =SUM(K7:K221) -> 0 | L222: =SUM(L7:L221) -> 0 | M222: =SUM(M7:M221) -> 0 | N222: =SUM(N7:N221) -> 47774.99 | O222: =SUM(O7:O221) -> 0 | P222: =SUM(P7:P221) -> 999822.32 | Q222: =SUM(Q7:Q221) -> 1717.48
D223: =D222-E222 -> 950329.85 | P223: =P222-Q222 -> 998104.84
V224: =O222-U225 -> -39575.71
U225: 39575.71
U226: =U225-O222 -> 39575.71

Sheet червень
A1: ОСББ "Карбишева - 22" | N1: 37465042
B2: Відомість нарахувань та оплати мешканців за утримання будинку
B3: у червні 2025 року
A6: № кв. | B6: ПІБ | C6: Особ. рах. | D6: Д-Т | E6: К-Т | F6: Пільга % | G6: Заг.площа | H6: Пільг. Площа | I6: Тариф | J6: 100% нарах. | K6: Пільгова сума | L6: сплачені суми пільг за реєстрами | M6: Коригування | N6: До сплати | O6: Сплачено | P6: Д-Т | Q6: К-Т
A7: 1 | B7: Бережний В.М. | C7: 1001 | D7: =травень!P7 -> 2140.5 | E7: =травень!Q7 -> 0 | F7: =травень!F7 -> 0 | G7: =травень!G7 -> 64.26 | H7: =травень!H7 -> 0 | I7: =травень!I7 -> 4.1 | J7: =ROUND(G7*I7,2) -> 263.47 | N7: =ROUND((G7*I7)-K7-L7-M7,2) -> 263.47 | P7: =ROUND(IF(D7=0,IF((N7-E7-O7)>0,(N7-E7-O7),0),IF((D7+N7-O7)>0,(D7+N7-O7),0)),2) -> 2403.97 | Q7: =ROUND(IF(E7=0,IF((D7+N7-O7)<0,ABS(D7+N7-O7),0),IF((N7-E7-O7)<0,ABS(N7-E7-O7),0)),2) -> 0
A8: 2 | B8: Старикова Т.О. | C8: 1002 | D8: =травень!P8 -> 998.55 | E8: =травень!Q8 -> 0 | F8: =травень!F8 -> 0 | G8: =травень!G8 -> 48.71 | H8: =травень!H8 -> 0 | I8: =травень!I8 -> 4.1 | J8: =ROUND(G8*I8,2) -> 199.71 | N8: =ROUND((G8*I8)-K8-L8-M8,2) -> 199.71 | P8: =ROUND(IF(D8=0,IF((N8-E8-O8)>0,(N8-E8-O8),0),IF((D8+N8-O8)>0,(D8+N8-O8),0)),2) -> 1198.26 | Q8: =ROUND(IF(E8=0,IF((D8+N8-O8)<0,ABS(D8+N8-O8),0),IF((N8-E8-O8)<0,ABS(N8-E8-O8),0)),2) -> 0
A9: 3 | B9: Мазур Т.В. | C9: 1003 | D9: =травень!P9 -> 861 | E9: =травень!Q9 -> 0 | F9: =травень!F9 -> 0 | G9: =травень!G9 -> 35 | H9: =травень!H9 -> 0 | I9: =травень!I9 -> 4.1 | J9: =ROUND(G9*I9,2) -> 143.5 | N9: =ROUND((G9*I9)-K9-L9-M9,2) -> 143.5 | P9: =ROUND(IF(D9=0,IF((N9-E9-O9)>0,(N9-E9-O9),0),IF((D9+N9-O9)>0,(D9+N9-O9),0)),2) -> 1004.5 | Q9: =ROUND(IF(E9=0,IF((D9+N9-O9)<0,ABS(D9+N9-O9),0),IF((N9-E9-O9)<0,ABS(N9-E9-O9),0)),2) -> 0
A10: 4 | B10: Сокол О.В. | C10: 1004 | D10: =травень!P10 -> 1010.24 | E10: =травень!Q10 -> 0 | F10: =травень!F10 -> 0 | G10: =травень!G10 -> 61.6 | H10: =травень!H10 -> 0 | I10: =травень!I10 -> 4.1 | J10: =ROUND(G10*I10,2) -> 252.56 | N10: =ROUND((G10*I10)-K10-L10-M10,2) -> 252.56 | P10: =ROUND(IF(D10=0,IF((N10-E10-O10)>0,(N10-E10-O10),0),IF((D10+N10-O10)>0,(D10+N10-O10),0)),2) -> 1262.8 | Q10: =ROUND(IF(E10=0,IF((D10+N10-O10)<0,ABS(D10+N10-O10),0),IF((N10-E10-O10)<0,ABS(N10-E10-O10),0)),2) -> 0
A11: 5 | B11: Семко Л.І. | C11: 1005 | D11: =травень!P11 -> 3224.82 | E11: =травень!Q11 -> 0 | F11: =травень!F11 -> 0 | G11: =травень!G11 -> 28.34 | H11: =травень!H11 -> 0 | I11: =травень!I11 -> 4.1 | J11: =ROUND(G11*I11,2) -> 116.19 | N11: =ROUND((G11*I11)-K11-L11-M11,2) -> 116.19 | P11: =ROUND(IF(D11=0,IF((N11-E11-O11)>0,(N11-E11-O11),0),IF((D11+N11-O11)>0,(D11+N11-O11),0)),2) -> 3341.01 | Q11: =ROUND(IF(E11=0,IF((D11+N11-O11)<0,ABS(D11+N11-O11),0),IF((N11-E11-O11)<0,ABS(N11-E11-O11),0)),2) -> 0
A12: 5 | B12: Гаркуша Н.І. | C12: 1005-а | D12: =травень!P12 -> 1560.81 | E12: =травень!Q12 -> 0 | F12: =травень!F12 -> 0 | G12: =травень!G12 -> 36.66 | H12: =травень!H12 -> 0 | I12: =травень!I12 -> 4.1 | J12: =ROUND(G12*I12,2) -> 150.31 | N12: =ROUND((G12*I12)-K12-L12-M12,2) -> 150.31 | P12: =ROUND(IF(D12=0,IF((N12-E12-O12)>0,(N12-E12-O12),0),IF((D12+N12-O12)>0,(D12+N12-O12),0)),2) -> 1711.12 | Q12: =ROUND(IF(E12=0,IF((D12+N12-O12)<0,ABS(D12+N12-O12),0),IF((N12-E12-O12)<0,ABS(N12-E12-O12),0)),2) -> 0
A13: 6 | B13: Андріяшев В.М | C13: 1006 | D13: =травень!P13 -> 1155.46 | E13: =травень!Q13 -> 0 | F13: =травень!F13 -> 0 | G13: =травень!G13 -> 49.8 | H13: =травень!H13 -> 0 | I13: =травень!I13 -> 4.1 | J13: =ROUND(G13*I13,2) -> 204.18 | N13: =ROUND((G13*I13)-K13-L13-M13,2) -> 204.18 | P13: =ROUND(IF(D13=0,IF((N13-E13-O13)>0,(N13-E13-O13),0),IF((D13+N13-O13)>0,(D13+N13-O13),0)),2) -> 1359.64 | Q13: =ROUND(IF(E13=0,IF((D13+N13-O13)<0,ABS(D13+N13-O13),0),IF((N13-E13-O13)<0,ABS(N13-E13-O13),0)),2) -> 0
A14: 7 | B14: Старчикова О.М. | C14: 1007 | D14: =травень!P14 -> 852.42 | E14: =травень!Q14 -> 0 | F14: =травень!F14 -> 0 | G14: =травень!G14 -> 34.65 | H14: =травень!H14 -> 0 | I14: =травень!I14 -> 4.1 | J14: =ROUND(G14*I14,2) -> 142.07 | N14: =ROUND((G14*I14)-K14-L14-M14,2) -> 142.07 | P14: =ROUND(IF(D14=0,IF((N14-E14-O14)>0,(N14-E14-O14),0),IF((D14+N14-O14)>0,(D14+N14-O14),0)),2) -> 994.49 | Q14: =ROUND(IF(E14=0,IF((D14+N14-O14)<0,ABS(D14+N14-O14),0),IF((N14-E14-O14)<0,ABS(N14-E14-O14),0)),2) -> 0
A15: 8 | B15: Безер Т.М | C15: 1008 | D15: =травень!P15 -> 1266.82 | E15: =травень!Q15 -> 0 | F15: =травень!F15 -> 0 | G15: =травень!G15 -> 62.14 | H15: =травень!H15 -> 0 | I15: =травень!I15 -> 4.1 | J15: =ROUND(G15*I15,2) -> 254.77 | N15: =ROUND((G15*I15)-K15-L15-M15,2) -> 254.77 | P15: =ROUND(IF(D15=0,IF((N15-E15-O15)>0,(N15-E15-O15),0),IF((D15+N15-O15)>0,(D15+N15-O15),0)),2) -> 1521.59 | Q15: =ROUND(IF(E15=0,IF((D15+N15-O15)<0,ABS(D15+N15-O15),0),IF((N15-E15-O15)<0,ABS(N15-E15-O15),0)),2) -> 0
A16: 9 | B16: Решетило М.М | C16: 1009 | D16: =травень!P16 -> 2137.52 | E16: =травень!Q16 -> 0 | F16: =травень!F16 -> 0 | G16: =травень!G16 -> 65.16 | H16: =травень!H16 -> 0 | I16: =травень!I16 -> 4.1 | J16: =ROUND(G16*I16,2) -> 267.16 | N16: =ROUND((G16*I16)-K16-L16-M16,2) -> 267.16 | P16: =ROUND(IF(D16=0,IF((N16-E16-O16)>0,(N16-E16-O16),0),IF((D16+N16-O16)>0,(D16+N16-O16),0)),2) -> 2404.68 | Q16: =ROUND(IF(E16=0,IF((D16+N16-O16)<0,ABS(D16+N16-O16),0),IF((N16-E16-O16)<0,ABS(N16-E16-O16),0)),2) -> 0
A17: 10 | B17: Фесенко О.В. | C17: 1010 | D17: =травень!P17 -> 5903.74 | E17: =травень!Q17 -> 0 | F17: =травень!F17 -> 0 | G17: =травень!G17 -> 50.1 | H17: =травень!H17 -> 0 | I17: =травень!I17 -> 4.1 | J17: =ROUND(G17*I17,2) -> 205.41 | N17: =ROUND((G17*I17)-K17-L17-M17,2) -> 205.41 | P17: =ROUND(IF(D17=0,IF((N17-E17-O17)>0,(N17-E17-O17),0),IF((D17+N17-O17)>0,(D17+N17-O17),0)),2) -> 6109.15 | Q17: =ROUND(IF(E17=0,IF((D17+N17-O17)<0,ABS(D17+N17-O17),0),IF((N17-E17-O17)<0,ABS(N17-E17-O17),0)),2) -> 0
A18: 11 | B18: Петренко О.М. | C18: 1011 | D18: =травень!P18 -> 2269.8 | E18: =травень!Q18 -> 0 | F18: =травень!F18 -> 0 | G18: =травень!G18 -> 35.2 | H18: =травень!H18 -> 0 | I18: =травень!I18 -> 4.1 | J18: =ROUND(G18*I18,2) -> 144.32 | N18: =ROUND((G18*I18)-K18-L18-M18,2) -> 144.32 | P18: =ROUND(IF(D18=0,IF((N18-E18-O18)>0,(N18-E18-O18),0),IF((D18+N18-O18)>0,(D18+N18-O18),0)),2) -> 2414.12 | Q18: =ROUND(IF(E18=0,IF((D18+N18-O18)<0,ABS(D18+N18-O18),0),IF((N18-E18-O18)<0,ABS(N18-E18-O18),0)),2) -> 0
... A221: 213 | B221: Корнюшенко О.О. | C221: 60213 | D221: =травень!P221 -> 8795.8 | E221: =травень!Q221 -> 0 | F221: =травень!F221 -> 0 | G221: =травень!G221 -> 62 | H221: =травень!H221 -> 0 | I221: =травень!I221 -> 4.1 | J221: =ROUND(G221*I221,2) -> 254.2 | N221: =ROUND((G221*I221)-K221-L221-M221,2) -> 254.2 | P221: =ROUND(IF(D221=0,IF((N221-E221-O221)>0,(N221-E221-O221),0),IF((D221+N221-O221)>0,(D221+N221-O221),0)),2) -> 9050 | Q221: =ROUND(IF(E221=0,IF((D221+N221-O221)<0,ABS(D221+N221-O221),0),IF((N221-E221-O221)<0,ABS(N221-E221-O221),0)),2) -> 0
D222: =SUM(D7:D221) -> 999822.32 | E222: =SUM(E7:E221) -> 1717.48 | G222: =SUM(G7:G221) -> 11652.42 | H222: =SUM(H7:H221) -> 0 | J222: =SUM(J7:J221) -> 47774.99 | K222: =SUM(K7:K221) -> 0 | L222: =SUM(L7:L221) -> 0 | M222: =SUM(M7:M221) -> 0 | N222: =SUM(N7:N221) -> 47774.99 | O222: =SUM(O7:O221) -> 0 | P222: =SUM(P7:P221) -> 1047188.9 | Q222: =SUM(Q7:Q221) -> 1309.12
D223: =D222-E222 -> 998104.84 | P223: =P222-Q222 -> 1045879.8 | U223: 43627.1
U224: =U223-O222 -> 43627.1

Sheet липень
A1: ОСББ "Карбишева - 22" | N1: 37465042
B2: Відомість нарахувань та оплати мешканців за утримання будинку
B3: у липні 2026 року
A6: № кв. | B6: ПІБ | C6: Особ. рах. | D6: Д-Т | E6: К-Т | F6: Пільга % | G6: Заг.площа | H6: Пільг. Площа | I6: Тариф | J6: 100% нарах. | K6: Пільгова сума | L6: сплачені суми пільг за реєстрами | M6: Коригування | N6: До сплати | O6: Сплачено | P6: Д-Т | Q6: К-Т
A7: 1 | B7: =червень!B7 -> Бережний В.М. | C7: 1001 | D7: =червень!P7 -> 2403.97 | E7: =червень!Q7 -> 0 | F7: =червень!F7 -> 0 | G7: =червень!G7 -> 64.26 | H7: =червень!H7 -> 0 | I7: =червень!I7 -> 4.1 | J7: =ROUND(G7*I7,2) -> 263.47 | N7: =ROUND((G7*I7)-K7-L7-M7,2) -> 263.47 | P7: =ROUND(IF(D7=0,IF((N7-E7-O7)>0,(N7-E7-O7),0),IF((D7+N7-O7)>0,(D7+N7-O7),0)),2) -> 2667.44 | Q7: =ROUND(IF(E7=0,IF((D7+N7-O7)<0,ABS(D7+N7-O7),0),IF((N7-E7-O7)<0,ABS(N7-E7-O7),0)),2) -> 0
A8: 2 | B8: =червень!B8 -> Старикова Т.О. | C8: 1002 | D8: =червень!P8 -> 1198.26 | E8: =червень!Q8 -> 0 | F8: =червень!F8 -> 0 | G8: =червень!G8 -> 48.71 | H8: =червень!H8 -> 0 | I8: =червень!I8 -> 4.1 | J8: =ROUND(G8*I8,2) -> 199.71 | N8: =ROUND((G8*I8)-K8-L8-M8,2) -> 199.71 | P8: =ROUND(IF(D8=0,IF((N8-E8-O8)>0,(N8-E8-O8),0),IF((D8+N8-O8)>0,(D8+N8-O8),0)),2) -> 1397.97 | Q8: =ROUND(IF(E8=0,IF((D8+N8-O8)<0,ABS(D8+N8-O8),0),IF((N8-E8-O8)<0,ABS(N8-E8-O8),0)),2) -> 0
A9: 3 | B9: =червень!B9 -> Мазур Т.В. | C9: 1003 | D9: =червень!P9 -> 1004.5 | E9: =червень!Q9 -> 0 | F9: =червень!F9 -> 0 | G9: =червень!G9 -> 35 | H9: =червень!H9 -> 0 | I9: =червень!I9 -> 4.1 | J9: =ROUND(G9*I9,2) -> 143.5 | N9: =ROUND((G9*I9)-K9-L9-M9,2) -> 143.5 | P9: =ROUND(IF(D9=0,IF((N9-E9-O9)>0,(N9-E9-O9),0),IF((D9+N9-O9)>0,(D9+N9-O9),0)),2) -> 1148 | Q9: =ROUND(IF(E9=0,IF((D9+N9-O9)<0,ABS(D9+N9-O9),0),IF((N9-E9-O9)<0,ABS(N9-E9-O9),0)),2) -> 0
A10: 4 | B10: =червень!B10 -> Сокол О.В. | C10: 1004 | D10: =червень!P10 -> 1262.8 | E10: =червень!Q10 -> 0 | F10: =червень!F10 -> 0 | G10: =червень!G10 -> 61.6 | H10: =червень!H10 -> 0 | I10: =червень!I10 -> 4.1 | J10: =ROUND(G10*I10,2) -> 252.56 | N10: =ROUND((G10*I10)-K10-L10-M10,2) -> 252.56 | P10: =ROUND(IF(D10=0,IF((N10-E10-O10)>0,(N10-E10-O10),0),IF((D10+N10-O10)>0,(D10+N10-O10),0)),2) -> 1515.36 | Q10: =ROUND(IF(E10=0,IF((D10+N10-O10)<0,ABS(D10+N10-O10),0),IF((N10-E10-O10)<0,ABS(N10-E10-O10),0)),2) -> 0
A11: 5 | B11: =червень!B11 -> Семко Л.І. | C11: 1005 | D11: =червень!P11 -> 3341.01 | E11: =червень!Q11 -> 0 | F11: =червень!F11 -> 0 | G11: =червень!G11 -> 28.34 | H11: =червень!H11 -> 0 | I11: =червень!I11 -> 4.1 | J11: =ROUND(G11*I11,2) -> 116.19 | N11: =ROUND((G11*I11)-K11-L11-M11,2) -> 116.19 | P11: =ROUND(IF(D11=0,IF((N11-E11-O11)>0,(N11-E11-O11),0),IF((D11+N11-O11)>0,(D11+N11-O11),0)),2) -> 3457.2 | Q11: =ROUND(IF(E11=0,IF((D11+N11-O11)<0,ABS(D11+N11-O11),0),IF((N11-E11-O11)<0,ABS(N11-E11-O11),0)),2) -> 0
A12: 5 | B12: =червень!B12 -> Гаркуша Н.І. | C12: 1005-а | D12: =червень!P12 -> 1711.12 | E12: =червень!Q12 -> 0 | F12: =червень!F12 -> 0 | G12: =червень!G12 -> 36.66 | H12: =червень!H12 -> 0 | I12: =червень!I12 -> 4.1 | J12: =ROUND(G12*I12,2) -> 150.31 | N12: =ROUND((G12*I12)-K12-L12-M12,2) -> 150.31 | P12: =ROUND(IF(D12=0,IF((N12-E12-O12)>0,(N12-E12-O12),0),IF((D12+N12-O12)>0,(D12+N12-O12),0)),2) -> 1861.43 | Q12: =ROUND(IF(E12=0,IF((D12+N12-O12)<0,ABS(D12+N12-O12),0),IF((N12-E12-O12)<0,ABS(N12-E12-O12),0)),2) -> 0
A13: 6 | B13: =червень!B13 -> Андріяшев В.М | C13: 1006 | D13: =червень!P13 -> 1359.64 | E13: =червень!Q13 -> 0 | F13: =червень!F13 -> 0 | G13: =червень!G13 -> 49.8 | H13: =червень!H13 -> 0 | I13: =червень!I13 -> 4.1 | J13: =ROUND(G13*I13,2) -> 204.18 | N13: =ROUND((G13*I13)-K13-L13-M13,2) -> 204.18 | P13: =ROUND(IF(D13=0,IF((N13-E13-O13)>0,(N13-E13-O13),0),IF((D13+N13-O13)>0,(D13+N13-O13),0)),2) -> 1563.82 | Q13: =ROUND(IF(E13=0,IF((D13+N13-O13)<0,ABS(D13+N13-O13),0),IF((N13-E13-O13)<0,ABS(N13-E13-O13),0)),2) -> 0
A14: 7 | B14: =червень!B14 -> Старчикова О.М. | C14: 1007 | D14: =червень!P14 -> 994.49 | E14: =червень!Q14 -> 0 | F14: =червень!F14 -> 0 | G14: =червень!G14 -> 34.65 | H14: =червень!H14 -> 0 | I14: =червень!I14 -> 4.1 | J14: =ROUND(G14*I14,2) -> 142.07 | N14: =ROUND((G14*I14)-K14-L14-M14,2) -> 142.07 | P14: =ROUND(IF(D14=0,IF((N14-E14-O14)>0,(N14-E14-O14),0),IF((D14+N14-O14)>0,(D14+N14-O14),0)),2) -> 1136.56 | Q14: =ROUND(IF(E14=0,IF((D14+N14-O14)<0,ABS(D14+N14-O14),0),IF((N14-E14-O14)<0,ABS(N14-E14-O14),0)),2) -> 0
A15: 8 | B15: =червень!B15 -> Безер Т.М | C15: 1008 | D15: =червень!P15 -> 1521.59 | E15: =червень!Q15 -> 0 | F15: =червень!F15 -> 0 | G15: =червень!G15 -> 62.14 | H15: =червень!H15 -> 0 | I15: =червень!I15 -> 4.1 | J15: =ROUND(G15*I15,2) -> 254.77 | N15: =ROUND((G15*I15)-K15-L15-M15,2) -> 254.77 | P15: =ROUND(IF(D15=0,IF((N15-E15-O15)>0,(N15-E15-O15),0),IF((D15+N15-O15)>0,(D15+N15-O15),0)),2) -> 1776.36 | Q15: =ROUND(IF(E15=0,IF((D15+N15-O15)<0,ABS(D15+N15-O15),0),IF((N15-E15-O15)<0,ABS(N15-E15-O15),0)),2) -> 0
A16: 9 | B16: =червень!B16 -> Решетило М.М | C16: 1009 | D16: =червень!P16 -> 2404.68 | E16: =червень!Q16 -> 0 | F16: =червень!F16 -> 0 | G16: =червень!G16 -> 65.16 | H16: =червень!H16 -> 0 | I16: =червень!I16 -> 4.1 | J16: =ROUND(G16*I16,2) -> 267.16 | N16: =ROUND((G16*I16)-K16-L16-M16,2) -> 267.16 | P16: =ROUND(IF(D16=0,IF((N16-E16-O16)>0,(N16-E16-O16),0),IF((D16+N16-O16)>0,(D16+N16-O16),0)),2) -> 2671.84 | Q16: =ROUND(IF(E16=0,IF((D16+N16-O16)<0,ABS(D16+N16-O16),0),IF((N16-E16-O16)<0,ABS(N16-E16-O16),0)),2) -> 0
A17: 10 | B17: =червень!B17 -> Фесенко О.В. | C17: 1010 | D17: =червень!P17 -> 6109.15 | E17: =червень!Q17 -> 0 | F17: =червень!F17 -> 0 | G17: =червень!G17 -> 50.1 | H17: =червень!H17 -> 0 | I17: =червень!I17 -> 4.1 | J17: =ROUND(G17*I17,2) -> 205.41 | N17: =ROUND((G17*I17)-K17-L17-M17,2) -> 205.41 | P17: =ROUND(IF(D17=0,IF((N17-E17-O17)>0,(N17-E17-O17),0),IF((D17+N17-O17)>0,(D17+N17-O17),0)),2) -> 6314.56 | Q17: =ROUND(IF(E17=0,IF((D17+N17-O17)<0,ABS(D17+N17-O17),0),IF((N17-E17-O17)<0,ABS(N17-E17-O17),0)),2) -> 0
A18: 11 | B18: =червень!B18 -> Петренко О.М. | C18: 1011 | D18: =червень!P18 -> 2414.12 | E18: =червень!Q18 -> 0 | F18: =червень!F18 -> 0 | G18: =червень!G18 -> 35.2 | H18: =червень!H18 -> 0 | I18: =червень!I18 -> 4.1 | J18: =ROUND(G18*I18,2) -> 144.32 | N18: =ROUND((G18*I18)-K18-L18-M18,2) -> 144.32 | P18: =ROUND(IF(D18=0,IF((N18-E18-O18)>0,(N18-E18-O18),0),IF((D18+N18-O18)>0,(D18+N18-O18),0)),2) -> 2558.44 | Q18: =ROUND(IF(E18=0,IF((D18+N18-O18)<0,ABS(D18+N18-O18),0),IF((N18-E18-O18)<0,ABS(N18-E18-O18),0)),2) -> 0
... A221: 213 | B221: =червень!B221 -> Корнюшенко О.О. | C221: 60213 | D221: =червень!P221 -> 9050 | E221: =червень!Q221 -> 0 | F221: =червень!F221 -> 0 | G221: =червень!G221 -> 62 | H221: =червень!H221 -> 0 | I221: =червень!I221 -> 4.1 | J221: =ROUND(G221*I221,2) -> 254.2 | N221: =ROUND((G221*I221)-K221-L221-M221,2) -> 254.2 | P221: =ROUND(IF(D221=0,IF((N221-E221-O221)>0,(N221-E221-O221),0),IF((D221+N221-O221)>0,(D221+N221-O221),0)),2) -> 9304.2 | Q221: =ROUND(IF(E221=0,IF((D221+N221-O221)<0,ABS(D221+N221-O221),0),IF((N221-E221-O221)<0,ABS(N221-E221-O221),0)),2) -> 0
D222: =SUM(D7:D221) -> 1047188.9 | E222: =SUM(E7:E221) -> 1309.12 | G222: =SUM(G7:G221) -> 11652.42 | H222: =SUM(H7:H221) -> 0 | J222: =SUM(J7:J221) -> 47774.99 | K222: =SUM(K7:K221) -> 0 | L222: =SUM(L7:L221) -> 0 | M222: =SUM(M7:M221) -> 0 | N222: =SUM(N7:N221) -> 47774.99 | O222: =SUM(O7:O221) -> 0 | P222: =SUM(P7:P221) -> 1094555.6 | Q222: =SUM(Q7:Q221) -> 900.76
D223: =D222-E222 -> 1045879.8 | P223: =P222-Q222 -> 1093654.8
U226: 37812.1
U227: =O222-U226 -> -37812.1

Sheet серпень
A1: ОСББ "Карбишева - 22" | N1: 37465042
B2: Відомість нарахувань та оплати мешканців за утримання будинку
B3: у серпні 2026 року
A6: № кв. | B6: ПІБ | C6: Особ. рах. | D6: Д-Т | E6: К-Т | F6: Пільга % | G6: Заг.площа | H6: Пільг. Площа | I6: Тариф | J6: 100% нарах. | K6: Пільгова сума | L6: сплачені суми пільг за реєстрами | M6: Коригування | N6: До сплати | O6: Сплачено | P6: Д-Т | Q6: К-Т
A7: 1 | B7: =липень!B7 -> Бережний В.М. | C7: 1001 | D7: =липень!P7 -> 2667.44 | E7: =липень!Q7 -> 0 | F7: =липень!F7 -> 0 | G7: =липень!G7 -> 64.26 | H7: =липень!H7 -> 0 | I7: =липень!I7 -> 4.1 | J7: =ROUND(G7*I7,2) -> 263.47 | N7: =ROUND((G7*I7)-K7-L7-M7,2) -> 263.47 | P7: =ROUND(IF(D7=0,IF((N7-E7-O7)>0,(N7-E7-O7),0),IF((D7+N7-O7)>0,(D7+N7-O7),0)),2) -> 2930.91 | Q7: =ROUND(IF(E7=0,IF((D7+N7-O7)<0,ABS(D7+N7-O7),0),IF((N7-E7-O7)<0,ABS(N7-E7-O7),0)),2) -> 0
A8: 2 | B8: =липень!B8 -> Старикова Т.О. | C8: 1002 | D8: =липень!P8 -> 1397.97 | E8: =липень!Q8 -> 0 | F8: =липень!F8 -> 0 | G8: =липень!G8 -> 48.71 | H8: =липень!H8 -> 0 | I8: =липень!I8 -> 4.1 | J8: =ROUND(G8*I8,2) -> 199.71 | N8: =ROUND((G8*I8)-K8-L8-M8,2) -> 199.71 | P8: =ROUND(IF(D8=0,IF((N8-E8-O8)>0,(N8-E8-O8),0),IF((D8+N8-O8)>0,(D8+N8-O8),0)),2) -> 1597.68 | Q8: =ROUND(IF(E8=0,IF((D8+N8-O8)<0,ABS(D8+N8-O8),0),IF((N8-E8-O8)<0,ABS(N8-E8-O8),0)),2) -> 0
A9: 3 | B9: =липень!B9 -> Мазур Т.В. | C9: 1003 | D9: =липень!P9 -> 1148 | E9: =липень!Q9 -> 0 | F9: =липень!F9 -> 0 | G9: =липень!G9 -> 35 | H9: =липень!H9 -> 0 | I9: =липень!I9 -> 4.1 | J9: =ROUND(G9*I9,2) -> 143.5 | N9: =ROUND((G9*I9)-K9-L9-M9,2) -> 143.5 | P9: =ROUND(IF(D9=0,IF((N9-E9-O9)>0,(N9-E9-O9),0),IF((D9+N9-O9)>0,(D9+N9-O9),0)),2) -> 1291.5 | Q9: =ROUND(IF(E9=0,IF((D9+N9-O9)<0,ABS(D9+N9-O9),0),IF((N9-E9-O9)<0,ABS(N9-E9-O9),0)),2) -> 0
A10: 4 | B10: =липень!B10 -> Сокол О.В. | C10: 1004 | D10: =липень!P10 -> 1515.36 | E10: =липень!Q10 -> 0 | F10: =липень!F10 -> 0 | G10: =липень!G10 -> 61.6 | H10: =липень!H10 -> 0 | I10: =липень!I10 -> 4.1 | J10: =ROUND(G10*I10,2) -> 252.56 | N10: =ROUND((G10*I10)-K10-L10-M10,2) -> 252.56 | P10: =ROUND(IF(D10=0,IF((N10-E10-O10)>0,(N10-E10-O10),0),IF((D10+N10-O10)>0,(D10+N10-O10),0)),2) -> 1767.92 | Q10: =ROUND(IF(E10=0,IF((D10+N10-O10)<0,ABS(D10+N10-O10),0),IF((N10-E10-O10)<0,ABS(N10-E10-O10),0)),2) -> 0
A11: 5 | B11: =липень!B11 -> Семко Л.І. | C11: 1005 | D11: =липень!P11 -> 3457.2 | E11: =липень!Q11 -> 0 | F11: =липень!F11 -> 0 | G11: =липень!G11 -> 28.34 | H11: =липень!H11 -> 0 | I11: =липень!I11 -> 4.1 | J11: =ROUND(G11*I11,2) -> 116.19 | N11: =ROUND((G11*I11)-K11-L11-M11,2) -> 116.19 | P11: =ROUND(IF(D11=0,IF((N11-E11-O11)>0,(N11-E11-O11),0),IF((D11+N11-O11)>0,(D11+N11-O11),0)),2) -> 3573.39 | Q11: =ROUND(IF(E11=0,IF((D11+N11-O11)<0,ABS(D11+N11-O11),0),IF((N11-E11-O11)<0,ABS(N11-E11-O11),0)),2) -> 0
A12: 5 | B12: =липень!B12 -> Гаркуша Н.І. | C12: 1005-а | D12: =липень!P12 -> 1861.43 | E12: =липень!Q12 -> 0 | F12: =липень!F12 -> 0 | G12: =липень!G12 -> 36.66 | H12: =липень!H12 -> 0 | I12: =липень!I12 -> 4.1 | J12: =ROUND(G12*I12,2) -> 150.31 | N12: =ROUND((G12*I12)-K12-L12-M12,2) -> 150.31 | P12: =ROUND(IF(D12=0,IF((N12-E12-O12)>0,(N12-E12-O12),0),IF((D12+N12-O12)>0,(D12+N12-O12),0)),2) -> 2011.74 | Q12: =ROUND(IF(E12=0,IF((D12+N12-O12)<0,ABS(D12+N12-O12),0),IF((N12-E12-O12)<0,ABS(N12-E12-O12),0)),2) -> 0
A13: 6 | B13: =липень!B13 -> Андріяшев В.М | C13: 1006 | D13: =липень!P13 -> 1563.82 | E13: =липень!Q13 -> 0 | F13: =липень!F13 -> 0 | G13: =липень!G13 -> 49.8 | H13: =липень!H13 -> 0 | I13: =липень!I13 -> 4.1 | J13: =ROUND(G13*I13,2) -> 204.18 | N13: =ROUND((G13*I13)-K13-L13-M13,2) -> 204.18 | P13: =ROUND(IF(D13=0,IF((N13-E13-O13)>0,(N13-E13-O13),0),IF((D13+N13-O13)>0,(D13+N13-O13),0)),2) -> 1768 | Q13: =ROUND(IF(E13=0,IF((D13+N13-O13)<0,ABS(D13+N13-O13),0),IF((N13-E13-O13)<0,ABS(N13-E13-O13),0)),2) -> 0
A14: 7 | B14: =липень!B14 -> Старчикова О.М. | C14: 1007 | D14: =липень!P14 -> 1136.56 | E14: =липень!Q14 -> 0 | F14: =липень!F14 -> 0 | G14: =липень!G14 -> 34.65 | H14: =липень!H14 -> 0 | I14: =липень!I14 -> 4.1 | J14: =ROUND(G14*I14,2) -> 142.07 | N14: =ROUND((G14*I14)-K14-L14-M14,2) -> 142.07 | P14: =ROUND(IF(D14=0,IF((N14-E14-O14)>0,(N14-E14-O14),0),IF((D14+N14-O14)>0,(D14+N14-O14),0)),2) -> 1278.63 | Q14: =ROUND(IF(E14=0,IF((D14+N14-O14)<0,ABS(D14+N14-O14),0),IF((N14-E14-O14)<0,ABS(N14-E14-O14),0)),2) -> 0
A15: 8 | B15: =липень!B15 -> Безер Т.М | C15: 1008 | D15: =липень!P15 -> 1776.36 | E15: =липень!Q15 -> 0 | F15: =липень!F15 -> 0 | G15: =липень!G15 -> 62.14 | H15: =липень!H15 -> 0 | I15: =липень!I15 -> 4.1 | J15: =ROUND(G15*I15,2) -> 254.77 | N15: =ROUND((G15*I15)-K15-L15-M15,2) -> 254.77 | P15: =ROUND(IF(D15=0,IF((N15-E15-O15)>0,(N15-E15-O15),0),IF((D15+N15-O15)>0,(D15+N15-O15),0)),2) -> 2031.13 | Q15: =ROUND(IF(E15=0,IF((D15+N15-O15)<0,ABS(D15+N15-O15),0),IF((N15-E15-O15)<0,ABS(N15-E15-O15),0)),2) -> 0
A16: 9 | B16: =липень!B16 -> Решетило М.М | C16: 1009 | D16: =липень!P16 -> 2671.84 | E16: =липень!Q16 -> 0 | F16: =липень!F16 -> 0 | G16: =липень!G16 -> 65.16 | H16: =липень!H16 -> 0 | I16: =липень!I16 -> 4.1 | J16: =ROUND(G16*I16,2) -> 267.16 | N16: =ROUND((G16*I16)-K16-L16-M16,2) -> 267.16 | P16: =ROUND(IF(D16=0,IF((N16-E16-O16)>0,(N16-E16-O16),0),IF((D16+N16-O16)>0,(D16+N16-O16),0)),2) -> 2939 | Q16: =ROUND(IF(E16=0,IF((D16+N16-O16)<0,ABS(D16+N16-O16),0),IF((N16-E16-O16)<0,ABS(N16-E16-O16),0)),2) -> 0
A17: 10 | B17: =липень!B17 -> Фесенко О.В. | C17: 1010 | D17: =липень!P17 -> 6314.56 | E17: =липень!Q17 -> 0 | F17: =липень!F17 -> 0 | G17: =липень!G17 -> 50.1 | H17: =липень!H17 -> 0 | I17: =липень!I17 -> 4.1 | J17: =ROUND(G17*I17,2) -> 205.41 | N17: =ROUND((G17*I17)-K17-L17-M17,2) -> 205.41 | P17: =ROUND(IF(D17=0,IF((N17-E17-O17)>0,(N17-E17-O17),0),IF((D17+N17-O17)>0,(D17+N17-O17),0)),2) -> 6519.97 | Q17: =ROUND(IF(E17=0,IF((D17+N17-O17)<0,ABS(D17+N17-O17),0),IF((N17-E17-O17)<0,ABS(N17-E17-O17),0)),2) -> 0
A18: 11 | B18: =липень!B18 -> Петренко О.М. | C18: 1011 | D18: =липень!P18 -> 2558.44 | E18: =липень!Q18 -> 0 | F18: =липень!F18 -> 0 | G18: =липень!G18 -> 35.2 | H18: =липень!H18 -> 0 | I18: =липень!I18 -> 4.1 | J18: =ROUND(G18*I18,2) -> 144.32 | N18: =ROUND((G18*I18)-K18-L18-M18,2) -> 144.32 | P18: =ROUND(IF(D18=0,IF((N18-E18-O18)>0,(N18-E18-O18),0),IF((D18+N18-O18)>0,(D18+N18-O18),0)),2) -> 2702.76 | Q18: =ROUND(IF(E18=0,IF((D18+N18-O18)<0,ABS(D18+N18-O18),0),IF((N18-E18-O18)<0,ABS(N18-E18-O18),0)),2) -> 0
... A221: 213 | B221: =липень!B221 -> Корнюшенко О.О. | C221: 60213 | D221: =липень!P221 -> 9304.2 | E221: =липень!Q221 -> 0 | F221: =липень!F221 -> 0 | G221: =липень!G221 -> 62 | H221: =липень!H221 -> 0 | I221: =липень!I221 -> 4.1 | J221: =ROUND(G221*I221,2) -> 254.2 | N221: =ROUND((G221*I221)-K221-L221-M221,2) -> 254.2 | P221: =ROUND(IF(D221=0,IF((N221-E221-O221)>0,(N221-E221-O221),0),IF((D221+N221-O221)>0,(D221+N221-O221),0)),2) -> 9558.4 | Q221: =ROUND(IF(E221=0,IF((D221+N221-O221)<0,ABS(D221+N221-O221),0),IF((N221-E221-O221)<0,ABS(N221-E221-O221),0)),2) -> 0
D222: =SUM(D7:D221) -> 1094555.6 | E222: =SUM(E7:E221) -> 900.76 | G222: =SUM(G7:G221) -> 11652.42 | H222: =SUM(H7:H221) -> 0 | J222: =SUM(J7:J221) -> 47774.99 | K222: =SUM(K7:K221) -> 0 | L222: =SUM(L7:L221) -> 0 | M222: =SUM(M7:M221) -> 0 | N222: =SUM(N7:N221) -> 47774.99 | O222: =SUM(O7:O221) -> 0 | P222: =SUM(P7:P221) -> 1141922.2 | Q222: =SUM(Q7:Q221) -> 492.4
D223: =D222-E222 -> 1093654.8 | P223: =P222-Q222 -> 1141429.8
U227: 39750.91
U228: =U227-O222 -> 39750.91

Sheet вересень
A1: ОСББ "Карбишева - 22" | N1: 37465042
B2: Відомість нарахувань та оплати мешканців за утримання будинку
B3: у вересні 2026 року
A6: № кв. | B6: ПІБ | C6: Особ. рах. | D6: Д-Т | E6: К-Т | F6: Пільга % | G6: Заг.площа | H6: Пільг. Площа | I6: Тариф | J6: 100% нарах. | K6: Пільгова сума | L6: сплачені суми пільг за реєстрами | M6: Коригування | N6: До сплати | O6: Сплачено | P6: Д-Т | Q6: К-Т
A7: 1 | B7: =серпень!B7 -> Бережний В.М. | C7: 1001 | D7: =серпень!P7 -> 2930.91 | E7: =серпень!Q7 -> 0 | F7: =серпень!F7 -> 0 | G7: =серпень!G7 -> 64.26 | H7: =серпень!H7 -> 0 | I7: =серпень!I7 -> 4.1 | J7: =ROUND(G7*I7,2) -> 263.47 | N7: =ROUND((G7*I7)-K7-L7-M7,2) -> 263.47 | P7: =ROUND(IF(D7=0,IF((N7-E7-O7)>0,(N7-E7-O7),0),IF((D7+N7-O7)>0,(D7+N7-O7),0)),2) -> 3194.38 | Q7: =ROUND(IF(E7=0,IF((D7+N7-O7)<0,ABS(D7+N7-O7),0),IF((N7-E7-O7)<0,ABS(N7-E7-O7),0)),2) -> 0
A8: 2 | B8: =серпень!B8 -> Старикова Т.О. | C8: 1002 | D8: =серпень!P8 -> 1597.68 | E8: =серпень!Q8 -> 0 | F8: =серпень!F8 -> 0 | G8: =серпень!G8 -> 48.71 | H8: =серпень!H8 -> 0 | I8: =серпень!I8 -> 4.1 | J8: =ROUND(G8*I8,2) -> 199.71 | N8: =ROUND((G8*I8)-K8-L8-M8,2) -> 199.71 | P8: =ROUND(IF(D8=0,IF((N8-E8-O8)>0,(N8-E8-O8),0),IF((D8+N8-O8)>0,(D8+N8-O8),0)),2) -> 1797.39 | Q8: =ROUND(IF(E8=0,IF((D8+N8-O8)<0,ABS(D8+N8-O8),0),IF((N8-E8-O8)<0,ABS(N8-E8-O8),0)),2) -> 0
A9: 3 | B9: =серпень!B9 -> Мазур Т.В. | C9: 1003 | D9: =серпень!P9 -> 1291.5 | E9: =серпень!Q9 -> 0 | F9: =серпень!F9 -> 0 | G9: =серпень!G9 -> 35 | H9: =серпень!H9 -> 0 | I9: =серпень!I9 -> 4.1 | J9: =ROUND(G9*I9,2) -> 143.5 | N9: =ROUND((G9*I9)-K9-L9-M9,2) -> 143.5 | P9: =ROUND(IF(D9=0,IF((N9-E9-O9)>0,(N9-E9-O9),0),IF((D9+N9-O9)>0,(D9+N9-O9),0)),2) -> 1435 | Q9: =ROUND(IF(E9=0,IF((D9+N9-O9)<0,ABS(D9+N9-O9),0),IF((N9-E9-O9)<0,ABS(N9-E9-O9),0)),2) -> 0
A10: 4 | B10: =серпень!B10 -> Сокол О.В. | C10: 1004 | D10: =серпень!P10 -> 1767.92 | E10: =серпень!Q10 -> 0 | F10: =серпень!F10 -> 0 | G10: =серпень!G10 -> 61.6 | H10: =серпень!H10 -> 0 | I10: =серпень!I10 -> 4.1 | J10: =ROUND(G10*I10,2) -> 252.56 | N10: =ROUND((G10*I10)-K10-L10-M10,2) -> 252.56 | P10: =ROUND(IF(D10=0,IF((N10-E10-O10)>0,(N10-E10-O10),0),IF((D10+N10-O10)>0,(D10+N10-O10),0)),2) -> 2020.48 | Q10: =ROUND(IF(E10=0,IF((D10+N10-O10)<0,ABS(D10+N10-O10),0),IF((N10-E10-O10)<0,ABS(N10-E10-O10),0)),2) -> 0
A11: 5 | B11: =серпень!B11 -> Семко Л.І. | C11: 1005 | D11: =серпень!P11 -> 3573.39 | E11: =серпень!Q11 -> 0 | F11: =серпень!F11 -> 0 | G11: =серпень!G11 -> 28.34 | H11: =серпень!H11 -> 0 | I11: =серпень!I11 -> 4.1 | J11: =ROUND(G11*I11,2) -> 116.19 | N11: =ROUND((G11*I11)-K11-L11-M11,2) -> 116.19 | P11: =ROUND(IF(D11=0,IF((N11-E11-O11)>0,(N11-E11-O11),0),IF((D11+N11-O11)>0,(D11+N11-O11),0)),2) -> 3689.58 | Q11: =ROUND(IF(E11=0,IF((D11+N11-O11)<0,ABS(D11+N11-O11),0),IF((N11-E11-O11)<0,ABS(N11-E11-O11),0)),2) -> 0
A12: 5 | B12: =серпень!B12 -> Гаркуша Н.І. | C12: 1005-а | D12: =серпень!P12 -> 2011.74 | E12: =серпень!Q12 -> 0 | F12: =серпень!F12 -> 0 | G12: =серпень!G12 -> 36.66 | H12: =серпень!H12 -> 0 | I12: =серпень!I12 -> 4.1 | J12: =ROUND(G12*I12,2) -> 150.31 | N12: =ROUND((G12*I12)-K12-L12-M12,2) -> 150.31 | P12: =ROUND(IF(D12=0,IF((N12-E12-O12)>0,(N12-E12-O12),0),IF((D12+N12-O12)>0,(D12+N12-O12),0)),2) -> 2162.05 | Q12: =ROUND(IF(E12=0,IF((D12+N12-O12)<0,ABS(D12+N12-O12),0),IF((N12-E12-O12)<0,ABS(N12-E12-O12),0)),2) -> 0
A13: 6 | B13: =серпень!B13 -> Андріяшев В.М | C13: 1006 | D13: =серпень!P13 -> 1768 | E13: =серпень!Q13 -> 0 | F13: =серпень!F13 -> 0 | G13: =серпень!G13 -> 49.8 | H13: =серпень!H13 -> 0 | I13: =серпень!I13 -> 4.1 | J13: =ROUND(G13*I13,2) -> 204.18 | N13: =ROUND((G13*I13)-K13-L13-M13,2) -> 204.18 | P13: =ROUND(IF(D13=0,IF((N13-E13-O13)>0,(N13-E13-O13),0),IF((D13+N13-O13)>0,(D13+N13-O13),0)),2) -> 1972.18 | Q13: =ROUND(IF(E13=0,IF((D13+N13-O13)<0,ABS(D13+N13-O13),0),IF((N13-E13-O13)<0,ABS(N13-E13-O13),0)),2) -> 0
A14: 7 | B14: =серпень!B14 -> Старчикова О.М. | C14: 1007 | D14: =серпень!P14 -> 1278.63 | E14: =серпень!Q14 -> 0 | F14: =серпень!F14 -> 0 | G14: =серпень!G14 -> 34.65 | H14: =серпень!H14 -> 0 | I14: =серпень!I14 -> 4.1 | J14: =ROUND(G14*I14,2) -> 142.07 | N14: =ROUND((G14*I14)-K14-L14-M14,2) -> 142.07 | P14: =ROUND(IF(D14=0,IF((N14-E14-O14)>0,(N14-E14-O14),0),IF((D14+N14-O14)>0,(D14+N14-O14),0)),2) -> 1420.7 | Q14: =ROUND(IF(E14=0,IF((D14+N14-O14)<0,ABS(D14+N14-O14),0),IF((N14-E14-O14)<0,ABS(N14-E14-O14),0)),2) -> 0
A15: 8 | B15: =серпень!B15 -> Безер Т.М | C15: 1008 | D15: =серпень!P15 -> 2031.13 | E15: =серпень!Q15 -> 0 | F15: =серпень!F15 -> 0 | G15: =серпень!G15 -> 62.14 | H15: =серпень!H15 -> 0 | I15: =серпень!I15 -> 4.1 | J15: =ROUND(G15*I15,2) -> 254.77 | N15: =ROUND((G15*I15)-K15-L15-M15,2) -> 254.77 | P15: =ROUND(IF(D15=0,IF((N15-E15-O15)>0,(N15-E15-O15),0),IF((D15+N15-O15)>0,(D15+N15-O15),0)),2) -> 2285.9 | Q15: =ROUND(IF(E15=0,IF((D15+N15-O15)<0,ABS(D15+N15-O15),0),IF((N15-E15-O15)<0,ABS(N15-E15-O15),0)),2) -> 0
A16: 9 | B16: =серпень!B16 -> Решетило М.М | C16: 1009 | D16: =серпень!P16 -> 2939 | E16: =серпень!Q16 -> 0 | F16: =серпень!F16 -> 0 | G16: =серпень!G16 -> 65.16 | H16: =серпень!H16 -> 0 | I16: =серпень!I16 -> 4.1 | J16: =ROUND(G16*I16,2) -> 267.16 | N16: =ROUND((G16*I16)-K16-L16-M16,2) -> 267.16 | P16: =ROUND(IF(D16=0,IF((N16-E16-O16)>0,(N16-E16-O16),0),IF((D16+N16-O16)>0,(D16+N16-O16),0)),2) -> 3206.16 | Q16: =ROUND(IF(E16=0,IF((D16+N16-O16)<0,ABS(D16+N16-O16),0),IF((N16-E16-O16)<0,ABS(N16-E16-O16),0)),2) -> 0
A17: 10 | B17: =серпень!B17 -> Фесенко О.В. | C17: 1010 | D17: =серпень!P17 -> 6519.97 | E17: =серпень!Q17 -> 0 | F17: =серпень!F17 -> 0 | G17: =серпень!G17 -> 50.1 | H17: =серпень!H17 -> 0 | I17: =серпень!I17 -> 4.1 | J17: =ROUND(G17*I17,2) -> 205.41 | N17: =ROUND((G17*I17)-K17-L17-M17,2) -> 205.41 | P17: =ROUND(IF(D17=0,IF((N17-E17-O17)>0,(N17-E17-O17),0),IF((D17+N17-O17)>0,(D17+N17-O17),0)),2) -> 6725.38 | Q17: =ROUND(IF(E17=0,IF((D17+N17-O17)<0,ABS(D17+N17-O17),0),IF((N17-E17-O17)<0,ABS(N17-E17-O17),0)),2) -> 0
A18: 11 | B18: =серпень!B18 -> Петренко О.М. | C18: 1011 | D18: =серпень!P18 -> 2702.76 | E18: =серпень!Q18 -> 0 | F18: =серпень!F18 -> 0 | G18: =серпень!G18 -> 35.2 | H18: =серпень!H18 -> 0 | I18: =серпень!I18 -> 4.1 | J18: =ROUND(G18*I18,2) -> 144.32 | N18: =ROUND((G18*I18)-K18-L18-M18,2) -> 144.32 | P18: =ROUND(IF(D18=0,IF((N18-E18-O18)>0,(N18-E18-O18),0),IF((D18+N18-O18)>0,(D18+N18-O18),0)),2) -> 2847.08 | Q18: =ROUND(IF(E18=0,IF((D18+N18-O18)<0,ABS(D18+N18-O18),0),IF((N18-E18-O18)<0,ABS(N18-E18-O18),0)),2) -> 0
... A221: 213 | B221: =серпень!B221 -> Корнюшенко О.О. | C221: 60213 | D221: =серпень!P221 -> 9558.4 | E221: =серпень!Q221 -> 0 | F221: =серпень!F221 -> 0 | G221: =серпень!G221 -> 62 | H221: =серпень!H221 -> 0 | I221: =серпень!I221 -> 4.1 | J221: =ROUND(G221*I221,2) -> 254.2 | N221: =ROUND((G221*I221)-K221-L221-M221,2) -> 254.2 | P221: =ROUND(IF(D221=0,IF((N221-E221-O221)>0,(N221-E221-O221),0),IF((D221+N221-O221)>0,(D221+N221-O221),0)),2) -> 9812.6 | Q221: =ROUND(IF(E221=0,IF((D221+N221-O221)<0,ABS(D221+N221-O221),0),IF((N221-E221-O221)<0,ABS(N221-E221-O221),0)),2) -> 0
D222: =SUM(D7:D221) -> 1141922.2 | E222: =SUM(E7:E221) -> 492.4 | G222: =SUM(G7:G221) -> 11652.42 | H222: =SUM(H7:H221) -> 0 | J222: =SUM(J7:J221) -> 47774.99 | K222: =SUM(K7:K221) -> 0 | L222: =SUM(L7:L221) -> 0 | M222: =SUM(M7:M221) -> 0 | N222: =SUM(N7:N221) -> 47774.99 | O222: =SUM(O7:O221) -> 0 | P222: =SUM(P7:P221) -> 1189354.8 | Q222: =SUM(Q7:Q221) -> 149.99
D223: =D222-E222 -> 1141429.8 | P223: =P222-Q222 -> 1189204.8
U224: 29876.29
U225: =U224-O222 -> 29876.29

Sheet жовтень
A1: ОСББ "Карбишева - 22" | N1: 37465042
B2: Відомість нарахувань та оплати мешканців за утримання будинку
B3: у жовтні 2026 року
A6: № кв. | B6: ПІБ | C6: Особ. рах. | D6: Д-Т | E6: К-Т | F6: Пільга % | G6: Заг.площа | H6: Пільг. Площа | I6: Тариф | J6: 100% нарах. | K6: Пільгова сума | L6: сплачені суми пільг за реєстрами | M6: Коригування | N6: До сплати | O6: Сплачено | P6: Д-Т | Q6: К-Т
A7: 1 | B7: =вересень!B7 -> Бережний В.М. | C7: 1001 | D7: =вересень!P7 -> 3194.38 | E7: =вересень!Q7 -> 0 | F7: =вересень!F7 -> 0 | G7: =вересень!G7 -> 64.26 | H7: =вересень!H7 -> 0 | I7: =вересень!I7 -> 4.1 | J7: =ROUND(G7*I7,2) -> 263.47 | N7: =ROUND((G7*I7)-K7-L7-M7,2) -> 263.47 | P7: =ROUND(IF(D7=0,IF((N7-E7-O7)>0,(N7-E7-O7),0),IF((D7+N7-O7)>0,(D7+N7-O7),0)),2) -> 3457.85 | Q7: =ROUND(IF(E7=0,IF((D7+N7-O7)<0,ABS(D7+N7-O7),0),IF((N7-E7-O7)<0,ABS(N7-E7-O7),0)),2) -> 0
A8: 2 | B8: =вересень!B8 -> Старикова Т.О. | C8: 1002 | D8: =вересень!P8 -> 1797.39 | E8: =вересень!Q8 -> 0 | F8: =вересень!F8 -> 0 | G8: =вересень!G8 -> 48.71 | H8: =вересень!H8 -> 0 | I8: =вересень!I8 -> 4.1 | J8: =ROUND(G8*I8,2) -> 199.71 | N8: =ROUND((G8*I8)-K8-L8-M8,2) -> 199.71 | P8: =ROUND(IF(D8=0,IF((N8-E8-O8)>0,(N8-E8-O8),0),IF((D8+N8-O8)>0,(D8+N8-O8),0)),2) -> 1997.1 | Q8: =ROUND(IF(E8=0,IF((D8+N8-O8)<0,ABS(D8+N8-O8),0),IF((N8-E8-O8)<0,ABS(N8-E8-O8),0)),2) -> 0
A9: 3 | B9: =вересень!B9 -> Мазур Т.В. | C9: 1003 | D9: =вересень!P9 -> 1435 | E9: =вересень!Q9 -> 0 | F9: =вересень!F9 -> 0 | G9: =вересень!G9 -> 35 | H9: =вересень!H9 -> 0 | I9: =вересень!I9 -> 4.1 | J9: =ROUND(G9*I9,2) -> 143.5 | N9: =ROUND((G9*I9)-K9-L9-M9,2) -> 143.5 | P9: =ROUND(IF(D9=0,IF((N9-E9-O9)>0,(N9-E9-O9),0),IF((D9+N9-O9)>0,(D9+N9-O9),0)),2) -> 1578.5 | Q9: =ROUND(IF(E9=0,IF((D9+N9-O9)<0,ABS(D9+N9-O9),0),IF((N9-E9-O9)<0,ABS(N9-E9-O9),0)),2) -> 0
A10: 4 | B10: =вересень!B10 -> Сокол О.В. | C10: 1004 | D10: =вересень!P10 -> 2020.48 | E10: =вересень!Q10 -> 0 | F10: =вересень!F10 -> 0 | G10: =вересень!G10 -> 61.6 | H10: =вересень!H10 -> 0 | I10: =вересень!I10 -> 4.1 | J10: =ROUND(G10*I10,2) -> 252.56 | N10: =ROUND((G10*I10)-K10-L10-M10,2) -> 252.56 | P10: =ROUND(IF(D10=0,IF((N10-E10-O10)>0,(N10-E10-O10),0),IF((D10+N10-O10)>0,(D10+N10-O10),0)),2) -> 2273.04 | Q10: =ROUND(IF(E10=0,IF((D10+N10-O10)<0,ABS(D10+N10-O10),0),IF((N10-E10-O10)<0,ABS(N10-E10-O10),0)),2) -> 0
A11: 5 | B11: =вересень!B11 -> Семко Л.І. | C11: 1005 | D11: =вересень!P11 -> 3689.58 | E11: =вересень!Q11 -> 0 | F11: =вересень!F11 -> 0 | G11: =вересень!G11 -> 28.34 | H11: =вересень!H11 -> 0 | I11: =вересень!I11 -> 4.1 | J11: =ROUND(G11*I11,2) -> 116.19 | N11: =ROUND((G11*I11)-K11-L11-M11,2) -> 116.19 | P11: =ROUND(IF(D11=0,IF((N11-E11-O11)>0,(N11-E11-O11),0),IF((D11+N11-O11)>0,(D11+N11-O11),0)),2) -> 3805.77 | Q11: =ROUND(IF(E11=0,IF((D11+N11-O11)<0,ABS(D11+N11-O11),0),IF((N11-E11-O11)<0,ABS(N11-E11-O11),0)),2) -> 0
A12: 5 | B12: =вересень!B12 -> Гаркуша Н.І. | C12: 1005-а | D12: =вересень!P12 -> 2162.05 | E12: =вересень!Q12 -> 0 | F12: =вересень!F12 -> 0 | G12: =вересень!G12 -> 36.66 | H12: =вересень!H12 -> 0 | I12: =вересень!I12 -> 4.1 | J12: =ROUND(G12*I12,2) -> 150.31 | N12: =ROUND((G12*I12)-K12-L12-M12,2) -> 150.31 | P12: =ROUND(IF(D12=0,IF((N12-E12-O12)>0,(N12-E12-O12),0),IF((D12+N12-O12)>0,(D12+N12-O12),0)),2) -> 2312.36 | Q12: =ROUND(IF(E12=0,IF((D12+N12-O12)<0,ABS(D12+N12-O12),0),IF((N12-E12-O12)<0,ABS(N12-E12-O12),0)),2) -> 0
A13: 6 | B13: =вересень!B13 -> Андріяшев В.М | C13: 1006 | D13: =вересень!P13 -> 1972.18 | E13: =вересень!Q13 -> 0 | F13: =вересень!F13 -> 0 | G13: =вересень!G13 -> 49.8 | H13: =вересень!H13 -> 0 | I13: =вересень!I13 -> 4.1 | J13: =ROUND(G13*I13,2) -> 204.18 | N13: =ROUND((G13*I13)-K13-L13-M13,2) -> 204.18 | P13: =ROUND(IF(D13=0,IF((N13-E13-O13)>0,(N13-E13-O13),0),IF((D13+N13-O13)>0,(D13+N13-O13),0)),2) -> 2176.36 | Q13: =ROUND(IF(E13=0,IF((D13+N13-O13)<0,ABS(D13+N13-O13),0),IF((N13-E13-O13)<0,ABS(N13-E13-O13),0)),2) -> 0
A14: 7 | B14: =вересень!B14 -> Старчикова О.М. | C14: 1007 | D14: =вересень!P14 -> 1420.7 | E14: =вересень!Q14 -> 0 | F14: =вересень!F14 -> 0 | G14: =вересень!G14 -> 34.65 | H14: =вересень!H14 -> 0 | I14: =вересень!I14 -> 4.1 | J14: =ROUND(G14*I14,2) -> 142.07 | N14: =ROUND((G14*I14)-K14-L14-M14,2) -> 142.07 | P14: =ROUND(IF(D14=0,IF((N14-E14-O14)>0,(N14-E14-O14),0),IF((D14+N14-O14)>0,(D14+N14-O14),0)),2) -> 1562.77 | Q14: =ROUND(IF(E14=0,IF((D14+N14-O14)<0,ABS(D14+N14-O14),0),IF((N14-E14-O14)<0,ABS(N14-E14-O14),0)),2) -> 0
A15: 8 | B15: =вересень!B15 -> Безер Т.М | C15: 1008 | D15: =вересень!P15 -> 2285.9 | E15: =вересень!Q15 -> 0 | F15: =вересень!F15 -> 0 | G15: =вересень!G15 -> 62.14 | H15: =вересень!H15 -> 0 | I15: =вересень!I15 -> 4.1 | J15: =ROUND(G15*I15,2) -> 254.77 | N15: =ROUND((G15*I15)-K15-L15-M15,2) -> 254.77 | P15: =ROUND(IF(D15=0,IF((N15-E15-O15)>0,(N15-E15-O15),0),IF((D15+N15-O15)>0,(D15+N15-O15),0)),2) -> 2540.67 | Q15: =ROUND(IF(E15=0,IF((D15+N15-O15)<0,ABS(D15+N15-O15),0),IF((N15-E15-O15)<0,ABS(N15-E15-O15),0)),2) -> 0
A16: 9 | B16: =вересень!B16 -> Решетило М.М | C16: 1009 | D16: =вересень!P16 -> 3206.16 | E16: =вересень!Q16 -> 0 | F16: =вересень!F16 -> 0 | G16: =вересень!G16 -> 65.16 | H16: =вересень!H16 -> 0 | I16: =вересень!I16 -> 4.1 | J16: =ROUND(G16*I16,2) -> 267.16 | N16: =ROUND((G16*I16)-K16-L16-M16,2) -> 267.16 | P16: =ROUND(IF(D16=0,IF((N16-E16-O16)>0,(N16-E16-O16),0),IF((D16+N16-O16)>0,(D16+N16-O16),0)),2) -> 3473.32 | Q16: =ROUND(IF(E16=0,IF((D16+N16-O16)<0,ABS(D16+N16-O16),0),IF((N16-E16-O16)<0,ABS(N16-E16-O16),0)),2) -> 0
A17: 10 | B17: =вересень!B17 -> Фесенко О.В. | C17: 1010 | D17: =вересень!P17 -> 6725.38 | E17: =вересень!Q17 -> 0 | F17: =вересень!F17 -> 0 | G17: =вересень!G17 -> 50.1 | H17: =вересень!H17 -> 0 | I17: =вересень!I17 -> 4.1 | J17: =ROUND(G17*I17,2) -> 205.41 | N17: =ROUND((G17*I17)-K17-L17-M17,2) -> 205.41 | P17: =ROUND(IF(D17=0,IF((N17-E17-O17)>0,(N17-E17-O17),0),IF((D17+N17-O17)>0,(D17+N17-O17),0)),2) -> 6930.79 | Q17: =ROUND(IF(E17=0,IF((D17+N17-O17)<0,ABS(D17+N17-O17),0),IF((N17-E17-O17)<0,ABS(N17-E17-O17),0)),2) -> 0
A18: 11 | B18: =вересень!B18 -> Петренко О.М. | C18: 1011 | D18: =вересень!P18 -> 2847.08 | E18: =вересень!Q18 -> 0 | F18: =вересень!F18 -> 0 | G18: =вересень!G18 -> 35.2 | H18: =вересень!H18 -> 0 | I18: =вересень!I18 -> 4.1 | J18: =ROUND(G18*I18,2) -> 144.32 | N18: =ROUND((G18*I18)-K18-L18-M18,2) -> 144.32 | P18: =ROUND(IF(D18=0,IF((N18-E18-O18)>0,(N18-E18-O18),0),IF((D18+N18-O18)>0,(D18+N18-O18),0)),2) -> 2991.4 | Q18: =ROUND(IF(E18=0,IF((D18+N18-O18)<0,ABS(D18+N18-O18),0),IF((N18-E18-O18)<0,ABS(N18-E18-O18),0)),2) -> 0
... A221: 213 | B221: =вересень!B221 -> Корнюшенко О.О. | C221: 60213 | D221: =вересень!P221 -> 9812.6 | E221: =вересень!Q221 -> 0 | F221: =вересень!F221 -> 0 | G221: =вересень!G221 -> 62 | H221: =вересень!H221 -> 0 | I221: =вересень!I221 -> 4.1 | J221: =ROUND(G221*I221,2) -> 254.2 | N221: =ROUND((G221*I221)-K221-L221-M221,2) -> 254.2 | P221: =ROUND(IF(D221=0,IF((N221-E221-O221)>0,(N221-E221-O221),0),IF((D221+N221-O221)>0,(D221+N221-O221),0)),2) -> 10066.8 | Q221: =ROUND(IF(E221=0,IF((D221+N221-O221)<0,ABS(D221+N221-O221),0),IF((N221-E221-O221)<0,ABS(N221-E221-O221),0)),2) -> 0
D222: =SUM(D7:D221) -> 1189354.8 | E222: =SUM(E7:E221) -> 149.99 | G222: =SUM(G7:G221) -> 11652.42 | H222: =SUM(H7:H221) -> 0 | J222: =SUM(J7:J221) -> 47774.99 | K222: =SUM(K7:K221) -> 0 | L222: =SUM(L7:L221) -> 0 | M222: =SUM(M7:M221) -> 0 | N222: =SUM(N7:N221) -> 47774.99 | O222: =SUM(O7:O221) -> 0 | P222: =SUM(P7:P221) -> 1236990.8 | Q222: =SUM(Q7:Q221) -> 11
D223: =D222-E222 -> 1189204.8 | P223: =P222-Q222 -> 1236979.8
U226: 34793.63
U227: =O222-U226 -> -34793.63

Sheet листопад
A1: ОСББ "Карбишева - 22" | N1: 37465042
B2: Відомість нарахувань та оплати мешканців за утримання будинку
B3: у листопаді 2026 року
A6: № кв. | B6: ПІБ | C6: Особ. рах. | D6: Д-Т | E6: К-Т | F6: Пільга % | G6: Заг.площа | H6: Пільг. Площа | I6: Тариф | J6: 100% нарах. | K6: Пільгова сума | L6: сплачені суми пільг за реєстрами | M6: Коригування | N6: До сплати | O6: Сплачено | P6: Д-Т | Q6: К-Т
A7: 1 | B7: =жовтень!B7 -> Бережний В.М. | C7: 1001 | D7: =жовтень!P7 -> 3457.85 | E7: =жовтень!Q7 -> 0 | F7: =жовтень!F7 -> 0 | G7: =жовтень!G7 -> 64.26 | H7: =жовтень!H7 -> 0 | I7: =жовтень!I7 -> 4.1 | J7: =ROUND(G7*I7,2) -> 263.47 | N7: =ROUND((G7*I7)-K7-L7-M7,2) -> 263.47 | P7: =ROUND(IF(D7=0,IF((N7-E7-O7)>0,(N7-E7-O7),0),IF((D7+N7-O7)>0,(D7+N7-O7),0)),2) -> 3721.32 | Q7: =ROUND(IF(E7=0,IF((D7+N7-O7)<0,ABS(D7+N7-O7),0),IF((N7-E7-O7)<0,ABS(N7-E7-O7),0)),2) -> 0
A8: 2 | B8: =жовтень!B8 -> Старикова Т.О. | C8: 1002 | D8: =жовтень!P8 -> 1997.1 | E8: =жовтень!Q8 -> 0 | F8: =жовтень!F8 -> 0 | G8: =жовтень!G8 -> 48.71 | H8: =жовтень!H8 -> 0 | I8: =жовтень!I8 -> 4.1 | J8: =ROUND(G8*I8,2) -> 199.71 | N8: =ROUND((G8*I8)-K8-L8-M8,2) -> 199.71 | P8: =ROUND(IF(D8=0,IF((N8-E8-O8)>0,(N8-E8-O8),0),IF((D8+N8-O8)>0,(D8+N8-O8),0)),2) -> 2196.81 | Q8: =ROUND(IF(E8=0,IF((D8+N8-O8)<0,ABS(D8+N8-O8),0),IF((N8-E8-O8)<0,ABS(N8-E8-O8),0)),2) -> 0
A9: 3 | B9: =жовтень!B9 -> Мазур Т.В. | C9: 1003 | D9: =жовтень!P9 -> 1578.5 | E9: =жовтень!Q9 -> 0 | F9: =жовтень!F9 -> 0 | G9: =жовтень!G9 -> 35 | H9: =жовтень!H9 -> 0 | I9: =жовтень!I9 -> 4.1 | J9: =ROUND(G9*I9,2) -> 143.5 | N9: =ROUND((G9*I9)-K9-L9-M9,2) -> 143.5 | P9: =ROUND(IF(D9=0,IF((N9-E9-O9)>0,(N9-E9-O9),0),IF((D9+N9-O9)>0,(D9+N9-O9),0)),2) -> 1722 | Q9: =ROUND(IF(E9=0,IF((D9+N9-O9)<0,ABS(D9+N9-O9),0),IF((N9-E9-O9)<0,ABS(N9-E9-O9),0)),2) -> 0
A10: 4 | B10: =жовтень!B10 -> Сокол О.В. | C10: 1004 | D10: =жовтень!P10 -> 2273.04 | E10: =жовтень!Q10 -> 0 | F10: =жовтень!F10 -> 0 | G10: =жовтень!G10 -> 61.6 | H10: =жовтень!H10 -> 0 | I10: =жовтень!I10 -> 4.1 | J10: =ROUND(G10*I10,2) -> 252.56 | N10: =ROUND((G10*I10)-K10-L10-M10,2) -> 252.56 | P10: =ROUND(IF(D10=0,IF((N10-E10-O10)>0,(N10-E10-O10),0),IF((D10+N10-O10)>0,(D10+N10-O10),0)),2) -> 2525.6 | Q10: =ROUND(IF(E10=0,IF((D10+N10-O10)<0,ABS(D10+N10-O10),0),IF((N10-E10-O10)<0,ABS(N10-E10-O10),0)),2) -> 0
A11: 5 | B11: =жовтень!B11 -> Семко Л.І. | C11: 1005 | D11: =жовтень!P11 -> 3805.77 | E11: =жовтень!Q11 -> 0 | F11: =жовтень!F11 -> 0 | G11: =жовтень!G11 -> 28.34 | H11: =жовтень!H11 -> 0 | I11: =жовтень!I11 -> 4.1 | J11: =ROUND(G11*I11,2) -> 116.19 | N11: =ROUND((G11*I11)-K11-L11-M11,2) -> 116.19 | P11: =ROUND(IF(D11=0,IF((N11-E11-O11)>0,(N11-E11-O11),0),IF((D11+N11-O11)>0,(D11+N11-O11),0)),2) -> 3921.96 | Q11: =ROUND(IF(E11=0,IF((D11+N11-O11)<0,ABS(D11+N11-O11),0),IF((N11-E11-O11)<0,ABS(N11-E11-O11),0)),2) -> 0
A12: 5 | B12: =жовтень!B12 -> Гаркуша Н.І. | C12: 1005-а | D12: =жовтень!P12 -> 2312.36 | E12: =жовтень!Q12 -> 0 | F12: =жовтень!F12 -> 0 | G12: =жовтень!G12 -> 36.66 | H12: =жовтень!H12 -> 0 | I12: =жовтень!I12 -> 4.1 | J12: =ROUND(G12*I12,2) -> 150.31 | N12: =ROUND((G12*I12)-K12-L12-M12,2) -> 150.31 | P12: =ROUND(IF(D12=0,IF((N12-E12-O12)>0,(N12-E12-O12),0),IF((D12+N12-O12)>0,(D12+N12-O12),0)),2) -> 2462.67 | Q12: =ROUND(IF(E12=0,IF((D12+N12-O12)<0,ABS(D12+N12-O12),0),IF((N12-E12-O12)<0,ABS(N12-E12-O12),0)),2) -> 0
A13: 6 | B13: =жовтень!B13 -> Андріяшев В.М | C13: 1006 | D13: =жовтень!P13 -> 2176.36 | E13: =жовтень!Q13 -> 0 | F13: =жовтень!F13 -> 0 | G13: =жовтень!G13 -> 49.8 | H13: =жовтень!H13 -> 0 | I13: =жовтень!I13 -> 4.1 | J13: =ROUND(G13*I13,2) -> 204.18 | N13: =ROUND((G13*I13)-K13-L13-M13,2) -> 204.18 | P13: =ROUND(IF(D13=0,IF((N13-E13-O13)>0,(N13-E13-O13),0),IF((D13+N13-O13)>0,(D13+N13-O13),0)),2) -> 2380.54 | Q13: =ROUND(IF(E13=0,IF((D13+N13-O13)<0,ABS(D13+N13-O13),0),IF((N13-E13-O13)<0,ABS(N13-E13-O13),0)),2) -> 0
A14: 7 | B14: =жовтень!B14 -> Старчикова О.М. | C14: 1007 | D14: =жовтень!P14 -> 1562.77 | E14: =жовтень!Q14 -> 0 | F14: =жовтень!F14 -> 0 | G14: =жовтень!G14 -> 34.65 | H14: =жовтень!H14 -> 0 | I14: =жовтень!I14 -> 4.1 | J14: =ROUND(G14*I14,2) -> 142.07 | N14: =ROUND((G14*I14)-K14-L14-M14,2) -> 142.07 | P14: =ROUND(IF(D14=0,IF((N14-E14-O14)>0,(N14-E14-O14),0),IF((D14+N14-O14)>0,(D14+N14-O14),0)),2) -> 1704.84 | Q14: =ROUND(IF(E14=0,IF((D14+N14-O14)<0,ABS(D14+N14-O14),0),IF((N14-E14-O14)<0,ABS(N14-E14-O14),0)),2) -> 0
A15: 8 | B15: =жовтень!B15 -> Безер Т.М | C15: 1008 | D15: =жовтень!P15 -> 2540.67 | E15: =жовтень!Q15 -> 0 | F15: =жовтень!F15 -> 0 | G15: =жовтень!G15 -> 62.14 | H15: =жовтень!H15 -> 0 | I15: =жовтень!I15 -> 4.1 | J15: =ROUND(G15*I15,2) -> 254.77 | N15: =ROUND((G15*I15)-K15-L15-M15,2) -> 254.77 | P15: =ROUND(IF(D15=0,IF((N15-E15-O15)>0,(N15-E15-O15),0),IF((D15+N15-O15)>0,(D15+N15-O15),0)),2) -> 2795.44 | Q15: =ROUND(IF(E15=0,IF((D15+N15-O15)<0,ABS(D15+N15-O15),0),IF((N15-E15-O15)<0,ABS(N15-E15-O15),0)),2) -> 0
A16: 9 | B16: =жовтень!B16 -> Решетило М.М | C16: 1009 | D16: =жовтень!P16 -> 3473.32 | E16: =жовтень!Q16 -> 0 | F16: =жовтень!F16 -> 0 | G16: =жовтень!G16 -> 65.16 | H16: =жовтень!H16 -> 0 | I16: =жовтень!I16 -> 4.1 | J16: =ROUND(G16*I16,2) -> 267.16 | N16: =ROUND((G16*I16)-K16-L16-M16,2) -> 267.16 | P16: =ROUND(IF(D16=0,IF((N16-E16-O16)>0,(N16-E16-O16),0),IF((D16+N16-O16)>0,(D16+N16-O16),0)),2) -> 3740.48 | Q16: =ROUND(IF(E16=0,IF((D16+N16-O16)<0,ABS(D16+N16-O16),0),IF((N16-E16-O16)<0,ABS(N16-E16-O16),0)),2) -> 0
A17: 10 | B17: =жовтень!B17 -> Фесенко О.В. | C17: 1010 | D17: =жовтень!P17 -> 6930.79 | E17: =жовтень!Q17 -> 0 | F17: =жовтень!F17 -> 0 | G17: =жовтень!G17 -> 50.1 | H17: =жовтень!H17 -> 0 | I17: =жовтень!I17 -> 4.1 | J17: =ROUND(G17*I17,2) -> 205.41 | N17: =ROUND((G17*I17)-K17-L17-M17,2) -> 205.41 | P17: =ROUND(IF(D17=0,IF((N17-E17-O17)>0,(N17-E17-O17),0),IF((D17+N17-O17)>0,(D17+N17-O17),0)),2) -> 7136.2 | Q17: =ROUND(IF(E17=0,IF((D17+N17-O17)<0,ABS(D17+N17-O17),0),IF((N17-E17-O17)<0,ABS(N17-E17-O17),0)),2) -> 0
A18: 11 | B18: =жовтень!B18 -> Петренко О.М. | C18: 1011 | D18: =жовтень!P18 -> 2991.4 | E18: =жовтень!Q18 -> 0 | F18: =жовтень!F18 -> 0 | G18: =жовтень!G18 -> 35.2 | H18: =жовтень!H18 -> 0 | I18: =жовтень!I18 -> 4.1 | J18: =ROUND(G18*I18,2) -> 144.32 | N18: =ROUND((G18*I18)-K18-L18-M18,2) -> 144.32 | P18: =ROUND(IF(D18=0,IF((N18-E18-O18)>0,(N18-E18-O18),0),IF((D18+N18-O18)>0,(D18+N18-O18),0)),2) -> 3135.72 | Q18: =ROUND(IF(E18=0,IF((D18+N18-O18)<0,ABS(D18+N18-O18),0),IF((N18-E18-O18)<0,ABS(N18-E18-O18),0)),2) -> 0
... A221: 213 | B221: =жовтень!B221 -> Корнюшенко О.О. | C221: 60213 | D221: =жовтень!P221 -> 10066.8 | E221: =жовтень!Q221 -> 0 | F221: =жовтень!F221 -> 0 | G221: =жовтень!G221 -> 62 | H221: =жовтень!H221 -> 0 | I221: =жовтень!I221 -> 4.1 | J221: =ROUND(G221*I221,2) -> 254.2 | N221: =ROUND((G221*I221)-K221-L221-M221,2) -> 254.2 | P221: =ROUND(IF(D221=0,IF((N221-E221-O221)>0,(N221-E221-O221),0),IF((D221+N221-O221)>0,(D221+N221-O221),0)),2) -> 10321 | Q221: =ROUND(IF(E221=0,IF((D221+N221-O221)<0,ABS(D221+N221-O221),0),IF((N221-E221-O221)<0,ABS(N221-E221-O221),0)),2) -> 0
D222: =SUM(D7:D221) -> 1236990.8 | E222: =SUM(E7:E221) -> 11 | G222: =SUM(G7:G221) -> 11652.42 | H222: =SUM(H7:H221) -> 0 | J222: =SUM(J7:J221) -> 47774.99 | K222: =SUM(K7:K221) -> 0 | L222: =SUM(L7:L221) -> 0 | M222: =SUM(M7:M221) -> 0 | N222: =SUM(N7:N221) -> 47774.99 | O222: =SUM(O7:O221) -> 0 | P222: =SUM(P7:P221) -> 1284754.8 | Q222: =SUM(Q7:Q221) -> 0
D223: =D222-E222 -> 1236979.8 | P223: =P222-Q222 -> 1284754.8
U226: 33927.89
U227: =O222-U226 -> -33927.89

Sheet грудень
A1: ОСББ "Карбишева - 22" | N1: 37465042
B2: Відомість нарахувань та оплати мешканців за утримання будинку
B3: у грудні 2026 року
A6: № кв. | B6: ПІБ | C6: Особ. рах. | D6: Д-Т | E6: К-Т | F6: Пільга % | G6: Заг.площа | H6: Пільг. Площа | I6: Тариф | J6: 100% нарах. | K6: Пільгова сума | L6: сплачені суми пільг за реєстрами | M6: Коригування | N6: До сплати | O6: Сплачено | P6: Д-Т | Q6: К-Т
A7: 1 | B7: =листопад!B7 -> Бережний В.М. | C7: 1001 | D7: =листопад!P7 -> 3721.32 | E7: =листопад!Q7 -> 0 | F7: =листопад!F7 -> 0 | G7: =листопад!G7 -> 64.26 | H7: =листопад!H7 -> 0 | I7: =листопад!I7 -> 4.1 | J7: =ROUND(G7*I7,2) -> 263.47 | N7: =ROUND((G7*I7)-K7-L7-M7,2) -> 263.47 | P7: =ROUND(IF(D7=0,IF((N7-E7-O7)>0,(N7-E7-O7),0),IF((D7+N7-O7)>0,(D7+N7-O7),0)),2) -> 3984.79 | Q7: =ROUND(IF(E7=0,IF((D7+N7-O7)<0,ABS(D7+N7-O7),0),IF((N7-E7-O7)<0,ABS(N7-E7-O7),0)),2) -> 0
A8: 2 | B8: =листопад!B8 -> Старикова Т.О. | C8: 1002 | D8: =листопад!P8 -> 2196.81 | E8: =листопад!Q8 -> 0 | F8: =листопад!F8 -> 0 | G8: =листопад!G8 -> 48.71 | H8: =листопад!H8 -> 0 | I8: =листопад!I8 -> 4.1 | J8: =ROUND(G8*I8,2) -> 199.71 | N8: =ROUND((G8*I8)-K8-L8-M8,2) -> 199.71 | P8: =ROUND(IF(D8=0,IF((N8-E8-O8)>0,(N8-E8-O8),0),IF((D8+N8-O8)>0,(D8+N8-O8),0)),2) -> 2396.52 | Q8: =ROUND(IF(E8=0,IF((D8+N8-O8)<0,ABS(D8+N8-O8),0),IF((N8-E8-O8)<0,ABS(N8-E8-O8),0)),2) -> 0
A9: 3 | B9: =листопад!B9 -> Мазур Т.В. | C9: 1003 | D9: =листопад!P9 -> 1722 | E9: =листопад!Q9 -> 0 | F9: =листопад!F9 -> 0 | G9: =листопад!G9 -> 35 | H9: =листопад!H9 -> 0 | I9: =листопад!I9 -> 4.1 | J9: =ROUND(G9*I9,2) -> 143.5 | N9: =ROUND((G9*I9)-K9-L9-M9,2) -> 143.5 | P9: =ROUND(IF(D9=0,IF((N9-E9-O9)>0,(N9-E9-O9),0),IF((D9+N9-O9)>0,(D9+N9-O9),0)),2) -> 1865.5 | Q9: =ROUND(IF(E9=0,IF((D9+N9-O9)<0,ABS(D9+N9-O9),0),IF((N9-E9-O9)<0,ABS(N9-E9-O9),0)),2) -> 0
A10: 4 | B10: =листопад!B10 -> Сокол О.В. | C10: 1004 | D10: =листопад!P10 -> 2525.6 | E10: =листопад!Q10 -> 0 | F10: =листопад!F10 -> 0 | G10: =листопад!G10 -> 61.6 | H10: =листопад!H10 -> 0 | I10: =листопад!I10 -> 4.1 | J10: =ROUND(G10*I10,2) -> 252.56 | N10: =ROUND((G10*I10)-K10-L10-M10,2) -> 252.56 | P10: =ROUND(IF(D10=0,IF((N10-E10-O10)>0,(N10-E10-O10),0),IF((D10+N10-O10)>0,(D10+N10-O10),0)),2) -> 2778.16 | Q10: =ROUND(IF(E10=0,IF((D10+N10-O10)<0,ABS(D10+N10-O10),0),IF((N10-E10-O10)<0,ABS(N10-E10-O10),0)),2) -> 0
A11: 5 | B11: =листопад!B11 -> Семко Л.І. | C11: 1005 | D11: =листопад!P11 -> 3921.96 | E11: =листопад!Q11 -> 0 | F11: =листопад!F11 -> 0 | G11: =листопад!G11 -> 28.34 | H11: =листопад!H11 -> 0 | I11: =листопад!I11 -> 4.1 | J11: =ROUND(G11*I11,2) -> 116.19 | N11: =ROUND((G11*I11)-K11-L11-M11,2) -> 116.19 | P11: =ROUND(IF(D11=0,IF((N11-E11-O11)>0,(N11-E11-O11),0),IF((D11+N11-O11)>0,(D11+N11-O11),0)),2) -> 4038.15 | Q11: =ROUND(IF(E11=0,IF((D11+N11-O11)<0,ABS(D11+N11-O11),0),IF((N11-E11-O11)<0,ABS(N11-E11-O11),0)),2) -> 0
A12: 5 | B12: =листопад!B12 -> Гаркуша Н.І. | C12: 1005-а | D12: =листопад!P12 -> 2462.67 | E12: =листопад!Q12 -> 0 | F12: =листопад!F12 -> 0 | G12: =листопад!G12 -> 36.66 | H12: =листопад!H12 -> 0 | I12: =листопад!I12 -> 4.1 | J12: =ROUND(G12*I12,2) -> 150.31 | N12: =ROUND((G12*I12)-K12-L12-M12,2) -> 150.31 | P12: =ROUND(IF(D12=0,IF((N12-E12-O12)>0,(N12-E12-O12),0),IF((D12+N12-O12)>0,(D12+N12-O12),0)),2) -> 2612.98 | Q12: =ROUND(IF(E12=0,IF((D12+N12-O12)<0,ABS(D12+N12-O12),0),IF((N12-E12-O12)<0,ABS(N12-E12-O12),0)),2) -> 0
A13: 6 | B13: =листопад!B13 -> Андріяшев В.М | C13: 1006 | D13: =листопад!P13 -> 2380.54 | E13: =листопад!Q13 -> 0 | F13: =листопад!F13 -> 0 | G13: =листопад!G13 -> 49.8 | H13: =листопад!H13 -> 0 | I13: =листопад!I13 -> 4.1 | J13: =ROUND(G13*I13,2) -> 204.18 | N13: =ROUND((G13*I13)-K13-L13-M13,2) -> 204.18 | P13: =ROUND(IF(D13=0,IF((N13-E13-O13)>0,(N13-E13-O13),0),IF((D13+N13-O13)>0,(D13+N13-O13),0)),2) -> 2584.72 | Q13: =ROUND(IF(E13=0,IF((D13+N13-O13)<0,ABS(D13+N13-O13),0),IF((N13-E13-O13)<0,ABS(N13-E13-O13),0)),2) -> 0
A14: 7 | B14: =листопад!B14 -> Старчикова О.М. | C14: 1007 | D14: =листопад!P14 -> 1704.84 | E14: =листопад!Q14 -> 0 | F14: =листопад!F14 -> 0 | G14: =листопад!G14 -> 34.65 | H14: =листопад!H14 -> 0 | I14: =листопад!I14 -> 4.1 | J14: =ROUND(G14*I14,2) -> 142.07 | N14: =ROUND((G14*I14)-K14-L14-M14,2) -> 142.07 | P14: =ROUND(IF(D14=0,IF((N14-E14-O14)>0,(N14-E14-O14),0),IF((D14+N14-O14)>0,(D14+N14-O14),0)),2) -> 1846.91 | Q14: =ROUND(IF(E14=0,IF((D14+N14-O14)<0,ABS(D14+N14-O14),0),IF((N14-E14-O14)<0,ABS(N14-E14-O14),0)),2) -> 0
A15: 8 | B15: =листопад!B15 -> Безер Т.М | C15: 1008 | D15: =листопад!P15 -> 2795.44 | E15: =листопад!Q15 -> 0 | F15: =листопад!F15 -> 0 | G15: =листопад!G15 -> 62.14 | H15: =листопад!H15 -> 0 | I15: =листопад!I15 -> 4.1 | J15: =ROUND(G15*I15,2) -> 254.77 | N15: =ROUND((G15*I15)-K15-L15-M15,2) -> 254.77 | P15: =ROUND(IF(D15=0,IF((N15-E15-O15)>0,(N15-E15-O15),0),IF((D15+N15-O15)>0,(D15+N15-O15),0)),2) -> 3050.21 | Q15: =ROUND(IF(E15=0,IF((D15+N15-O15)<0,ABS(D15+N15-O15),0),IF((N15-E15-O15)<0,ABS(N15-E15-O15),0)),2) -> 0
A16: 9 | B16: =листопад!B16 -> Решетило М.М | C16: 1009 | D16: =листопад!P16 -> 3740.48 | E16: =листопад!Q16 -> 0 | F16: =листопад!F16 -> 0 | G16: =листопад!G16 -> 65.16 | H16: =листопад!H16 -> 0 | I16: =листопад!I16 -> 4.1 | J16: =ROUND(G16*I16,2) -> 267.16 | N16: =ROUND((G16*I16)-K16-L16-M16,2) -> 267.16 | P16: =ROUND(IF(D16=0,IF((N16-E16-O16)>0,(N16-E16-O16),0),IF((D16+N16-O16)>0,(D16+N16-O16),0)),2) -> 4007.64 | Q16: =ROUND(IF(E16=0,IF((D16+N16-O16)<0,ABS(D16+N16-O16),0),IF((N16-E16-O16)<0,ABS(N16-E16-O16),0)),2) -> 0
A17: 10 | B17: =листопад!B17 -> Фесенко О.В. | C17: 1010 | D17: =листопад!P17 -> 7136.2 | E17: =листопад!Q17 -> 0 | F17: =листопад!F17 -> 0 | G17: =листопад!G17 -> 50.1 | H17: =листопад!H17 -> 0 | I17: =листопад!I17 -> 4.1 | J17: =ROUND(G17*I17,2) -> 205.41 | N17: =ROUND((G17*I17)-K17-L17-M17,2) -> 205.41 | P17: =ROUND(IF(D17=0,IF((N17-E17-O17)>0,(N17-E17-O17),0),IF((D17+N17-O17)>0,(D17+N17-O17),0)),2) -> 7341.61 | Q17: =ROUND(IF(E17=0,IF((D17+N17-O17)<0,ABS(D17+N17-O17),0),IF((N17-E17-O17)<0,ABS(N17-E17-O17),0)),2) -> 0
A18: 11 | B18: =листопад!B18 -> Петренко О.М. | C18: 1011 | D18: =листопад!P18 -> 3135.72 | E18: =листопад!Q18 -> 0 | F18: =листопад!F18 -> 0 | G18: =листопад!G18 -> 35.2 | H18: =листопад!H18 -> 0 | I18: =листопад!I18 -> 4.1 | J18: =ROUND(G18*I18,2) -> 144.32 | N18: =ROUND((G18*I18)-K18-L18-M18,2) -> 144.32 | P18: =ROUND(IF(D18=0,IF((N18-E18-O18)>0,(N18-E18-O18),0),IF((D18+N18-O18)>0,(D18+N18-O18),0)),2) -> 3280.04 | Q18: =ROUND(IF(E18=0,IF((D18+N18-O18)<0,ABS(D18+N18-O18),0),IF((N18-E18-O18)<0,ABS(N18-E18-O18),0)),2) -> 0
... A221: 213 | B221: =листопад!B221 -> Корнюшенко О.О. | C221: 60213 | D221: =листопад!P221 -> 10321 | E221: =листопад!Q221 -> 0 | F221: =листопад!F221 -> 0 | G221: =листопад!G221 -> 62 | H221: =листопад!H221 -> 0 | I221: =листопад!I221 -> 4.1 | J221: =ROUND(G221*I221,2) -> 254.2 | N221: =ROUND((G221*I221)-K221-L221-M221,2) -> 254.2 | P221: =ROUND(IF(D221=0,IF((N221-E221-O221)>0,(N221-E221-O221),0),IF((D221+N221-O221)>0,(D221+N221-O221),0)),2) -> 10575.2 | Q221: =ROUND(IF(E221=0,IF((D221+N221-O221)<0,ABS(D221+N221-O221),0),IF((N221-E221-O221)<0,ABS(N221-E221-O221),0)),2) -> 0
D222: =SUM(D7:D221) -> 1284754.8 | E222: =SUM(E7:E221) -> 0 | G222: =SUM(G7:G221) -> 11652.42 | H222: =SUM(H7:H221) -> 0 | J222: =SUM(J7:J221) -> 47774.99 | K222: =SUM(K7:K221) -> 0 | L222: =SUM(L7:L221) -> 0 | M222: =SUM(M7:M221) -> 0 | N222: =SUM(N7:N221) -> 47774.99 | O222: =SUM(O7:O221) -> 0 | P222: =SUM(P7:P221) -> 1332529.8 | Q222: =SUM(Q7:Q221) -> 0
D223: =D222-E222 -> 1284754.8 | P223: =P222-Q222 -> 1332529.8
U226: 33991.18
U227: =U226-O222 -> 33991.18

Sheet підсумок
B4: за 2025 рік
B5: сальдо поч | C5: =січень!D223 -> 787012.8
B6: месяц | C6: начислено | G6: оплачено
B7: 1 | C7: =січень!N222 -> 47774.99 | G7: =січень!O222 -> 27782.91 | J7: =C7-G7 -> 19992.08
B8: 2 | C8: =лютий!N222 -> 47774.99 | G8: =лютий!O222 -> 0 | J8: =C8-G8 -> 47774.99
B9: 3 | C9: =березень!N222 -> 47774.99 | G9: =березень!O222 -> 0 | J9: =C9-G9 -> 47774.99
B10: 4 | C10: =квітень!N222 -> 47774.99 | G10: =квітень!O222 -> 0 | J10: =C10-G10 -> 47774.99
B11: 5 | C11: =травень!N222 -> 47774.99 | G11: =травень!O222 -> 0 | J11: =C11-G11 -> 47774.99
B12: 6 | C12: =червень!N222 -> 47774.99 | G12: =червень!O222 -> 0 | J12: =C12-G12 -> 47774.99
B13: 7 | C13: =липень!N222 -> 47774.99 | G13: =липень!O222 -> 0 | J13: =C13-G13 -> 47774.99
B14: 8 | C14: =серпень!N222 -> 47774.99 | G14: =серпень!O222 -> 0 | J14: =C14-G14 -> 47774.99
B15: 9 | C15: =вересень!N222 -> 47774.99 | G15: =вересень!O222 -> 0 | J15: =C15-G15 -> 47774.99
B16: 10 | C16: =жовтень!N222 -> 47774.99 | G16: =жовтень!O222 -> 0 | J16: =C16-G16 -> 47774.99
B17: 11 | C17: =листопад!N222 -> 47774.99 | G17: =листопад!O222 -> 0 | J17: =C17-G17 -> 47774.99
B18: 12 | C18: =грудень!N222 -> 47774.99 | G18: =грудень!O222 -> 0 | J18: =C18-G18 -> 47774.99
C20: =SUM(C7:C18)+C5 -> 1360312.7 | G20: =SUM(G7:G18) -> 27782.91 | J20: =C20-G20 -> 1332529.8
